Date,Bar Name,Alcohol Type,Brand Name,Actual_Consumption,Predicted_Consumption,Residual
2023-10-21,Anderson's Bar,Beer,Budweiser,0.0,78.08871518240962,-78.08871518240962
2023-10-26,Anderson's Bar,Beer,Budweiser,0.0,85.44085150020395,-85.44085150020395
2023-11-03,Anderson's Bar,Beer,Budweiser,0.0,62.472984350382134,-62.472984350382134
2023-11-15,Anderson's Bar,Beer,Budweiser,0.0,62.42571509815971,-62.42571509815971
2023-11-29,Anderson's Bar,Beer,Budweiser,0.0,77.4912193425543,-77.4912193425543
2023-12-01,Anderson's Bar,Beer,Budweiser,0.0,72.28963573040372,-72.28963573040372
2023-12-03,Anderson's Bar,Beer,Budweiser,0.0,88.34859616003683,-88.34859616003683
2023-12-18,Anderson's Bar,Beer,Budweiser,0.0,287.9693174377825,-287.9693174377825
2023-12-24,Anderson's Bar,Beer,Budweiser,0.0,321.3107589781147,-321.3107589781147
2023-12-25,Anderson's Bar,Beer,Budweiser,0.0,320.24988400912855,-320.24988400912855
2023-10-16,Anderson's Bar,Beer,Coors,357.5,360.38565350126396,-2.8856535012639597
2023-11-04,Anderson's Bar,Beer,Coors,152.52,352.2368077912949,-199.71680779129488
2023-11-08,Anderson's Bar,Beer,Coors,225.19,352.0582493820019,-126.86824938200192
2023-11-09,Anderson's Bar,Beer,Coors,461.74,356.6515711716093,105.0884288283907
2023-12-05,Anderson's Bar,Beer,Coors,431.99,361.8966158283372,70.09338417166282
2023-12-14,Anderson's Bar,Beer,Coors,553.66,359.2506826873812,194.40931731261878
2023-12-16,Anderson's Bar,Beer,Coors,518.9,382.0941658034408,136.8058341965592
2023-12-17,Anderson's Bar,Beer,Coors,335.57,371.2136393520859,-35.64363935208593
2023-12-20,Anderson's Bar,Beer,Coors,399.73,358.823197500221,40.90680249977902
2023-12-21,Anderson's Bar,Beer,Coors,321.06,355.18715571960263,-34.12715571960263
2023-10-23,Anderson's Bar,Beer,Heineken,0.0,146.0804678897778,-146.0804678897778
2023-10-25,Anderson's Bar,Beer,Heineken,0.0,113.78059819335236,-113.78059819335236
2023-10-27,Anderson's Bar,Beer,Heineken,0.0,126.25448468878697,-126.25448468878697
2023-10-28,Anderson's Bar,Beer,Heineken,543.34,105.50691550770055,437.83308449229946
2023-10-31,Anderson's Bar,Beer,Heineken,470.51,309.97855039804847,160.53144960195152
2023-11-14,Anderson's Bar,Beer,Heineken,0.0,56.15278866806956,-56.15278866806956
2023-11-16,Anderson's Bar,Beer,Heineken,0.0,71.71282092036363,-71.71282092036363
2023-11-21,Anderson's Bar,Beer,Heineken,0.0,96.58651387434323,-96.58651387434323
2023-11-28,Anderson's Bar,Beer,Heineken,0.0,119.39291885836035,-119.39291885836035
2023-12-06,Anderson's Bar,Beer,Heineken,0.0,113.89969326393427,-113.89969326393427
2023-12-07,Anderson's Bar,Beer,Heineken,126.54,93.1540841841054,33.385915815894606
2023-12-08,Anderson's Bar,Beer,Heineken,420.5,326.060664846957,94.43933515304298
2023-12-09,Anderson's Bar,Beer,Heineken,0.0,30.579681038071502,-30.579681038071502
2023-12-10,Anderson's Bar,Beer,Heineken,0.0,50.61271694736266,-50.61271694736266
2023-12-12,Anderson's Bar,Beer,Heineken,380.92,49.82372644934756,331.0962735506524
2023-12-13,Anderson's Bar,Beer,Heineken,581.16,330.24383829534105,250.91616170465892
2023-12-23,Anderson's Bar,Beer,Heineken,385.5,334.38905219864415,51.11094780135585
2023-10-19,Anderson's Bar,Beer,Miller,204.35,289.2801902360801,-84.93019023608011
2023-11-02,Anderson's Bar,Beer,Miller,134.19,236.26152183056251,-102.07152183056252
2023-11-12,Anderson's Bar,Beer,Miller,46.23,165.55970436853,-119.32970436853
2023-11-18,Anderson's Bar,Beer,Miller,0.0,162.58471002526252,-162.58471002526252
2023-11-19,Anderson's Bar,Beer,Miller,0.0,176.13952310693742,-176.13952310693742
2023-11-23,Anderson's Bar,Beer,Miller,828.93,359.38900600997493,469.540993990025
2023-11-26,Anderson's Bar,Beer,Miller,421.43,359.27065723689043,62.15934276310958
2023-11-30,Anderson's Bar,Beer,Miller,389.43,343.04090387501293,46.38909612498708
2023-12-11,Anderson's Bar,Beer,Miller,28.72,291.93361707371787,-263.21361707371784
2023-12-22,Anderson's Bar,Beer,Miller,0.0,192.634030729525,-192.634030729525
2023-10-25,Anderson's Bar,Rum,Bacardi,419.47,361.7939246401157,57.67607535988435
2023-10-27,Anderson's Bar,Rum,Bacardi,462.03,349.36262339378305,112.66737660621692
2023-11-04,Anderson's Bar,Rum,Bacardi,0.0,183.33300870903514,-183.33300870903514
2023-11-22,Anderson's Bar,Rum,Bacardi,0.0,140.22663162051185,-140.22663162051185
2023-11-26,Anderson's Bar,Rum,Bacardi,0.0,158.18789870729628,-158.18789870729628
2023-11-28,Anderson's Bar,Rum,Bacardi,447.39,260.63952525653326,186.75047474346673
2023-11-30,Anderson's Bar,Rum,Bacardi,253.14,348.8581124233115,-95.71811242331154
2023-12-03,Anderson's Bar,Rum,Bacardi,385.4,388.96224877869497,-3.5622487786949932
2023-12-07,Anderson's Bar,Rum,Bacardi,323.19,359.6191729715225,-36.42917297152252
2023-12-10,Anderson's Bar,Rum,Bacardi,517.0,384.3050859892892,132.69491401071082
2023-12-23,Anderson's Bar,Rum,Bacardi,319.29,351.612963460556,-32.32296346055597
2023-12-27,Anderson's Bar,Rum,Bacardi,475.96,358.16346967245005,117.79653032754993
2023-12-28,Anderson's Bar,Rum,Bacardi,502.15,346.7971709428855,155.3528290571145
2023-12-29,Anderson's Bar,Rum,Bacardi,498.25,336.50812556296745,161.74187443703255
2023-10-19,Anderson's Bar,Rum,Captain Morgan,221.9,370.4389819681639,-148.53898196816388
2023-10-20,Anderson's Bar,Rum,Captain Morgan,502.89,363.33083811691813,139.55916188308186
2023-10-28,Anderson's Bar,Rum,Captain Morgan,374.87,350.68325664244173,24.18674335755827
2023-10-31,Anderson's Bar,Rum,Captain Morgan,222.58,356.8741630081211,-134.2941630081211
2023-11-03,Anderson's Bar,Rum,Captain Morgan,479.39,371.1164885932611,108.27351140673886
2023-11-05,Anderson's Bar,Rum,Captain Morgan,269.92,434.3084892477796,-164.3884892477796
2023-11-07,Anderson's Bar,Rum,Captain Morgan,459.83,361.1329278597955,98.69707214020451
2023-11-08,Anderson's Bar,Rum,Captain Morgan,120.09,572.2771703054179,-452.1871703054179
2023-11-18,Anderson's Bar,Rum,Captain Morgan,164.6,375.6525746117155,-211.05257461171553
2023-11-19,Anderson's Bar,Rum,Captain Morgan,219.73,403.12021437894435,-183.39021437894436
2023-11-21,Anderson's Bar,Rum,Captain Morgan,138.81,412.68029861916904,-273.87029861916903
2023-11-24,Anderson's Bar,Rum,Captain Morgan,113.21,432.25489050034,-319.04489050034005
2023-12-01,Anderson's Bar,Rum,Captain Morgan,579.33,578.6102719439498,0.7197280560502577
2023-12-09,Anderson's Bar,Rum,Captain Morgan,245.76,397.7110285928218,-151.95102859282179
2023-12-11,Anderson's Bar,Rum,Captain Morgan,246.17,413.1502895463632,-166.9802895463632
2023-12-13,Anderson's Bar,Rum,Captain Morgan,256.96,392.4481860057098,-135.4881860057098
2023-12-15,Anderson's Bar,Rum,Captain Morgan,291.35,465.04992678484865,-173.69992678484863
2023-12-18,Anderson's Bar,Rum,Captain Morgan,278.88,454.88783308346194,-176.00783308346195
2023-10-17,Anderson's Bar,Rum,Malibu,279.02,271.385922927397,7.634077072602963
2023-10-18,Anderson's Bar,Rum,Malibu,506.65,343.5437820423981,163.10621795760187
2023-10-23,Anderson's Bar,Rum,Malibu,471.11,331.5902705404638,139.51972945953622
2023-10-30,Anderson's Bar,Rum,Malibu,289.48,242.97850442448785,46.501495575512166
2023-11-01,Anderson's Bar,Rum,Malibu,85.65,125.0169678573013,-39.36696785730129
2023-11-06,Anderson's Bar,Rum,Malibu,0.0,41.13950986174667,-41.13950986174667
2023-11-10,Anderson's Bar,Rum,Malibu,0.0,68.34478727208567,-68.34478727208567
2023-11-12,Anderson's Bar,Rum,Malibu,0.0,87.85530911247461,-87.85530911247461
2023-11-17,Anderson's Bar,Rum,Malibu,0.0,64.56092083409837,-64.56092083409837
2023-11-23,Anderson's Bar,Rum,Malibu,175.05,97.80627227784571,77.2437277221543
2023-10-19,Anderson's Bar,Vodka,Absolut,174.39,326.5166584355998,-152.12665843559984
2023-10-24,Anderson's Bar,Vodka,Absolut,401.81,331.4508980270611,70.3591019729389
2023-10-31,Anderson's Bar,Vodka,Absolut,319.64,321.39934268092827,-1.7593426809282846
2023-11-05,Anderson's Bar,Vodka,Absolut,248.98,361.28373530230556,-112.30373530230557
2023-11-07,Anderson's Bar,Vodka,Absolut,445.86,336.1734937004752,109.68650629952481
2023-11-10,Anderson's Bar,Vodka,Absolut,517.2,335.44463698254805,181.755363017452
2023-11-17,Anderson's Bar,Vodka,Absolut,139.16,346.0388468395872,-206.87884683958723
2023-11-24,Anderson's Bar,Vodka,Absolut,480.21,339.90874309673956,140.30125690326042
2023-12-06,Anderson's Bar,Vodka,Absolut,504.45,322.0382990709177,182.41170092908231
2023-12-07,Anderson's Bar,Vodka,Absolut,130.5,306.80402383118826,-176.30402383118826
2023-12-10,Anderson's Bar,Vodka,Absolut,160.78,312.06566133688045,-151.28566133688045
2023-12-16,Anderson's Bar,Vodka,Absolut,186.47,281.2451469214035,-94.77514692140349
2023-12-18,Anderson's Bar,Vodka,Absolut,0.0,68.99754385441545,-68.99754385441545
2023-10-22,Anderson's Bar,Vodka,Grey Goose,443.4,360.1441654594068,83.25583454059318
2023-10-26,Anderson's Bar,Vodka,Grey Goose,552.25,361.3255360559824,190.9244639440176
2023-11-08,Anderson's Bar,Vodka,Grey Goose,257.42,358.7198436541593,-101.2998436541593
2023-11-11,Anderson's Bar,Vodka,Grey Goose,332.37,355.10692598627986,-22.736925986279857
2023-11-12,Anderson's Bar,Vodka,Grey Goose,370.98,352.86392818905125,18.116071810948768
2023-11-29,Anderson's Bar,Vodka,Grey Goose,214.98,340.16784675848254,-125.18784675848255
2023-12-02,Anderson's Bar,Vodka,Grey Goose,137.56,362.27645407869403,-224.71645407869403
2023-12-04,Anderson's Bar,Vodka,Grey Goose,314.19,338.36704183415895,-24.177041834158956
2023-12-17,Anderson's Bar,Vodka,Grey Goose,386.2,205.28578688427007,180.91421311572992
2023-12-21,Anderson's Bar,Vodka,Grey Goose,154.7,218.24149741857948,-63.541497418579496
2023-12-27,Anderson's Bar,Vodka,Grey Goose,0.0,172.73396295615456,-172.73396295615456
2023-10-16,Anderson's Bar,Vodka,Smirnoff,282.41,326.1985284700626,-43.7885284700626
2023-10-23,Anderson's Bar,Vodka,Smirnoff,230.14,330.52365390707627,-100.38365390707628
2023-10-28,Anderson's Bar,Vodka,Smirnoff,572.05,368.17895001943214,203.87104998056782
2023-11-04,Anderson's Bar,Vodka,Smirnoff,584.73,340.28626157279587,244.44373842720415
2023-11-19,Anderson's Bar,Vodka,Smirnoff,218.43,337.93064562850265,-119.50064562850264
2023-11-20,Anderson's Bar,Vodka,Smirnoff,516.47,328.8488380891931,187.6211619108069
2023-11-25,Anderson's Bar,Vodka,Smirnoff,286.26,337.81066715660864,-51.550667156608654
2023-11-27,Anderson's Bar,Vodka,Smirnoff,451.28,339.85164021906706,111.42835978093291
2023-11-30,Anderson's Bar,Vodka,Smirnoff,1069.03,321.1398857705585,747.8901142294415
2023-12-05,Anderson's Bar,Vodka,Smirnoff,401.37,362.17534325312187,39.19465674687814
2023-12-08,Anderson's Bar,Vodka,Smirnoff,169.75,323.4255278600314,-153.67552786003142
2023-12-09,Anderson's Bar,Vodka,Smirnoff,266.69,361.0060555484992,-94.31605554849921
2023-12-23,Anderson's Bar,Vodka,Smirnoff,326.93,335.60009824034955,-8.670098240349546
2023-10-18,Anderson's Bar,Whiskey,Jack Daniels,528.61,341.52552010781864,187.08447989218138
2023-10-28,Anderson's Bar,Whiskey,Jack Daniels,502.84,331.0738473185994,171.76615268140057
2023-10-29,Anderson's Bar,Whiskey,Jack Daniels,539.27,326.98112637629725,212.28887362370273
2023-10-30,Anderson's Bar,Whiskey,Jack Daniels,149.88,351.37573550289227,-201.49573550289227
2023-11-03,Anderson's Bar,Whiskey,Jack Daniels,257.63,397.3927741509301,-139.7627741509301
2023-11-08,Anderson's Bar,Whiskey,Jack Daniels,356.22,356.48655936719,-0.2665593671899842
2023-11-17,Anderson's Bar,Whiskey,Jack Daniels,180.82,345.9848307557632,-165.1648307557632
2023-11-21,Anderson's Bar,Whiskey,Jack Daniels,987.04,363.94243461681634,623.0975653831836
2023-11-26,Anderson's Bar,Whiskey,Jack Daniels,134.89,342.2673200997512,-207.37732009975122
2023-11-28,Anderson's Bar,Whiskey,Jack Daniels,454.75,366.8691784097351,87.88082159026487
2023-12-02,Anderson's Bar,Whiskey,Jack Daniels,213.76,340.28078635642066,-126.52078635642067
2023-12-07,Anderson's Bar,Whiskey,Jack Daniels,286.67,340.1742935859868,-53.50429358598677
2023-12-10,Anderson's Bar,Whiskey,Jack Daniels,296.29,331.66117788591396,-35.37117788591394
2023-12-15,Anderson's Bar,Whiskey,Jack Daniels,409.74,371.5824504948444,38.1575495051556
2023-12-20,Anderson's Bar,Whiskey,Jack Daniels,210.97,354.3103971481312,-143.3403971481312
2023-12-22,Anderson's Bar,Whiskey,Jack Daniels,0.0,344.42418280209273,-344.42418280209273
2023-12-25,Anderson's Bar,Whiskey,Jack Daniels,197.6,305.5607002566392,-107.96070025663923
2023-10-23,Anderson's Bar,Whiskey,Jameson,134.24,311.6180724714474,-177.3780724714474
2023-10-26,Anderson's Bar,Whiskey,Jameson,482.49,374.19315728529097,108.29684271470904
2023-11-04,Anderson's Bar,Whiskey,Jameson,0.0,67.17510543998246,-67.17510543998246
2023-11-10,Anderson's Bar,Whiskey,Jameson,0.0,88.41402085465056,-88.41402085465056
2023-11-11,Anderson's Bar,Whiskey,Jameson,195.42,108.74197872284181,86.67802127715818
2023-11-14,Anderson's Bar,Whiskey,Jameson,394.86,343.72667986727964,51.13332013272037
2023-11-19,Anderson's Bar,Whiskey,Jameson,422.5,359.46062608518395,63.03937391481605
2023-11-24,Anderson's Bar,Whiskey,Jameson,402.12,332.35792727469516,69.76207272530485
2023-11-25,Anderson's Bar,Whiskey,Jameson,228.2,268.9427048846018,-40.742704884601835
2023-12-11,Anderson's Bar,Whiskey,Jameson,102.39,326.7298862463232,-224.3398862463232
2023-12-14,Anderson's Bar,Whiskey,Jameson,416.72,334.29828546196575,82.42171453803428
2023-12-17,Anderson's Bar,Whiskey,Jameson,248.19,327.8409470156243,-79.6509470156243
2023-12-27,Anderson's Bar,Whiskey,Jameson,474.96,336.20828337152585,138.75171662847413
2023-10-16,Anderson's Bar,Whiskey,Jim Beam,282.18,338.05422152731575,-55.87422152731574
2023-10-17,Anderson's Bar,Whiskey,Jim Beam,431.41,338.62323932587253,92.78676067412749
2023-10-25,Anderson's Bar,Whiskey,Jim Beam,564.96,336.244446498302,228.71555350169803
2023-11-05,Anderson's Bar,Whiskey,Jim Beam,563.96,327.84252943844393,236.1174705615561
2023-11-13,Anderson's Bar,Whiskey,Jim Beam,207.93,333.25578659395853,-125.32578659395853
2023-11-15,Anderson's Bar,Whiskey,Jim Beam,588.26,356.4283190916787,231.8316809083213
2023-11-16,Anderson's Bar,Whiskey,Jim Beam,375.69,327.0242473639841,48.665752636015895
2023-11-18,Anderson's Bar,Whiskey,Jim Beam,459.61,347.4257716329238,112.18422836707623
2023-11-29,Anderson's Bar,Whiskey,Jim Beam,411.97,301.11782101750714,110.85217898249289
2023-12-01,Anderson's Bar,Whiskey,Jim Beam,253.15,350.803009158394,-97.65300915839398
2023-12-04,Anderson's Bar,Whiskey,Jim Beam,181.11,344.65544045621743,-163.54544045621742
2023-12-08,Anderson's Bar,Whiskey,Jim Beam,526.95,346.5287207326296,180.42127926737044
2023-12-13,Anderson's Bar,Whiskey,Jim Beam,582.53,340.32913418305196,242.200865816948
2023-12-19,Anderson's Bar,Whiskey,Jim Beam,500.0,333.7107629055241,166.28923709447588
2023-12-23,Anderson's Bar,Whiskey,Jim Beam,255.12,337.10801070177394,-81.98801070177393
2023-12-24,Anderson's Bar,Whiskey,Jim Beam,425.97,341.5189496195547,84.45105038044534
2023-12-26,Anderson's Bar,Whiskey,Jim Beam,582.97,344.99266182846327,237.97733817153676
2023-12-28,Anderson's Bar,Whiskey,Jim Beam,100.44,323.92236633813786,-223.48236633813787
2023-10-19,Anderson's Bar,Wine,Barefoot,587.94,346.00659070894153,241.93340929105852
2023-10-20,Anderson's Bar,Wine,Barefoot,349.94,312.8924682857926,37.04753171420742
2023-11-05,Anderson's Bar,Wine,Barefoot,573.65,351.80342530094936,221.84657469905062
2023-11-12,Anderson's Bar,Wine,Barefoot,231.8,336.07227603495727,-104.27227603495726
2023-11-16,Anderson's Bar,Wine,Barefoot,384.85,325.22527200990066,59.62472799009936
2023-11-21,Anderson's Bar,Wine,Barefoot,250.5,320.2397414940631,-69.73974149406308
2023-11-30,Anderson's Bar,Wine,Barefoot,287.17,364.33163497824216,-77.16163497824215
2023-12-02,Anderson's Bar,Wine,Barefoot,124.88,333.4141193125747,-208.53411931257472
2023-12-03,Anderson's Bar,Wine,Barefoot,275.74,345.2115399359194,-69.4715399359194
2023-12-09,Anderson's Bar,Wine,Barefoot,513.52,341.11156629871607,172.4084337012839
2023-12-12,Anderson's Bar,Wine,Barefoot,287.38,377.3359146084188,-89.95591460841882
2023-12-19,Anderson's Bar,Wine,Barefoot,194.55,350.7201650791191,-156.1701650791191
2023-12-27,Anderson's Bar,Wine,Barefoot,142.77,331.7666506587839,-188.99665065878386
2023-10-18,Anderson's Bar,Wine,Sutter Home,515.95,374.7786518729258,141.17134812707422
2023-10-21,Anderson's Bar,Wine,Sutter Home,570.39,371.2899012566805,199.1000987433195
2023-10-26,Anderson's Bar,Wine,Sutter Home,506.56,344.1798124439295,162.3801875560705
2023-10-31,Anderson's Bar,Wine,Sutter Home,551.82,338.9627484643081,212.85725153569194
2023-11-01,Anderson's Bar,Wine,Sutter Home,583.59,380.59717002323384,202.9928299767662
2023-11-09,Anderson's Bar,Wine,Sutter Home,521.1,342.3552210692436,178.7447789307564
2023-11-10,Anderson's Bar,Wine,Sutter Home,311.64,383.4899270442543,-71.84992704425429
2023-11-13,Anderson's Bar,Wine,Sutter Home,550.97,323.9721029637022,226.99789703629784
2023-11-27,Anderson's Bar,Wine,Sutter Home,468.75,329.8106630643045,138.9393369356955
2023-12-16,Anderson's Bar,Wine,Sutter Home,551.09,344.43154883411097,206.65845116588906
2023-10-17,Anderson's Bar,Wine,Yellow Tail,0.0,95.90829294757958,-95.90829294757958
2023-10-22,Anderson's Bar,Wine,Yellow Tail,0.0,99.22809389555685,-99.22809389555685
2023-10-24,Anderson's Bar,Wine,Yellow Tail,0.0,106.4683308076864,-106.4683308076864
2023-10-25,Anderson's Bar,Wine,Yellow Tail,0.0,81.22534800400474,-81.22534800400474
2023-10-29,Anderson's Bar,Wine,Yellow Tail,0.0,111.44385709115373,-111.44385709115373
2023-11-02,Anderson's Bar,Wine,Yellow Tail,212.4,85.77849285872556,126.62150714127445
2023-11-06,Anderson's Bar,Wine,Yellow Tail,157.19,354.4713368950393,-197.28133689503932
2023-11-20,Anderson's Bar,Wine,Yellow Tail,223.68,366.5160915741758,-142.83609157417578
2023-11-22,Anderson's Bar,Wine,Yellow Tail,543.62,343.48142297468553,200.13857702531448
2023-11-24,Anderson's Bar,Wine,Yellow Tail,399.62,235.2278583094572,164.39214169054281
2023-11-28,Anderson's Bar,Wine,Yellow Tail,166.85,333.3443355716336,-166.49433557163363
2023-11-29,Anderson's Bar,Wine,Yellow Tail,574.61,341.87143804952717,232.73856195047284
2023-12-01,Anderson's Bar,Wine,Yellow Tail,578.59,334.67939321059805,243.91060678940198
2023-12-04,Anderson's Bar,Wine,Yellow Tail,269.96,313.1551131267856,-43.1951131267856
2023-12-11,Anderson's Bar,Wine,Yellow Tail,182.91,331.8471292331724,-148.93712923317239
2023-12-14,Anderson's Bar,Wine,Yellow Tail,172.99,327.9918729429573,-155.00187294295728
2023-12-15,Anderson's Bar,Wine,Yellow Tail,451.66,354.6744397965776,96.98556020342244
2023-12-17,Anderson's Bar,Wine,Yellow Tail,243.14,324.8546600473619,-81.71466004736192
2023-12-21,Anderson's Bar,Wine,Yellow Tail,129.41,330.0861274388971,-200.6761274388971
2023-11-02,Brown's Bar,Beer,Budweiser,0.0,352.8005589430891,-352.8005589430891
2023-11-23,Brown's Bar,Beer,Budweiser,151.29,359.47581696934407,-208.18581696934407
2023-11-24,Brown's Bar,Beer,Budweiser,135.87,359.4801925915904,-223.61019259159042
2023-11-25,Brown's Bar,Beer,Budweiser,598.89,372.9847789627712,225.90522103722878
2023-11-27,Brown's Bar,Beer,Budweiser,544.37,376.30779978063623,168.06220021936377
2023-12-01,Brown's Bar,Beer,Budweiser,164.59,392.29229029996793,-227.70229029996793
2023-12-05,Brown's Bar,Beer,Budweiser,461.78,377.4146998911792,84.36530010882075
2023-12-19,Brown's Bar,Beer,Budweiser,0.0,157.71803787538684,-157.71803787538684
2023-10-21,Brown's Bar,Beer,Coors,269.95,332.9288565267086,-62.978856526708626
2023-11-04,Brown's Bar,Beer,Coors,979.89,349.7131145218182,630.1768854781817
2023-11-07,Brown's Bar,Beer,Coors,237.04,317.7432845891241,-80.70328458912408
2023-11-10,Brown's Bar,Beer,Coors,598.82,340.43564101218107,258.384358987819
2023-11-11,Brown's Bar,Beer,Coors,261.95,349.4808753843222,-87.5308753843222
2023-11-14,Brown's Bar,Beer,Coors,512.75,478.0024167110451,34.7475832889549
2023-11-15,Brown's Bar,Beer,Coors,100.27,334.99467327787096,-234.72467327787098
2023-11-30,Brown's Bar,Beer,Coors,280.73,337.6997190367852,-56.96971903678519
2023-12-21,Brown's Bar,Beer,Coors,938.99,329.9202176056952,609.0697823943049
2023-12-23,Brown's Bar,Beer,Coors,480.28,289.54834703486614,190.73165296513383
2023-12-24,Brown's Bar,Beer,Coors,0.0,331.5491598921082,-331.5491598921082
2023-10-24,Brown's Bar,Beer,Heineken,196.56,339.1444408015825,-142.5844408015825
2023-10-28,Brown's Bar,Beer,Heineken,538.12,338.7138007368691,199.40619926313093
2023-11-13,Brown's Bar,Beer,Heineken,307.51,319.58849161360394,-12.078491613603944
2023-11-22,Brown's Bar,Beer,Heineken,341.2,342.0993079832978,-0.899307983297831
2023-11-26,Brown's Bar,Beer,Heineken,511.13,354.8265249776524,156.30347502234758
2023-12-13,Brown's Bar,Beer,Heineken,575.55,341.64835989171286,233.9016401082871
2023-12-17,Brown's Bar,Beer,Heineken,111.63,374.6242645171672,-262.9942645171672
2023-10-16,Brown's Bar,Beer,Miller,540.24,345.4042649271961,194.8357350728039
2023-10-22,Brown's Bar,Beer,Miller,189.65,370.69515827729754,-181.04515827729753
2023-10-25,Brown's Bar,Beer,Miller,254.1,328.3655605610449,-74.26556056104491
2023-11-12,Brown's Bar,Beer,Miller,232.33,335.28347713302674,-102.95347713302672
2023-11-29,Brown's Bar,Beer,Miller,146.88,300.87885444132894,-153.99885444132894
2023-12-02,Brown's Bar,Beer,Miller,74.02,118.31367744257139,-44.29367744257139
2023-12-03,Brown's Bar,Beer,Miller,0.0,96.47466034379173,-96.47466034379173
2023-12-04,Brown's Bar,Beer,Miller,136.03,101.56645068155095,34.463549318449054
2023-10-16,Brown's Bar,Rum,Bacardi,561.66,356.3860242287978,205.27397577120217
2023-10-21,Brown's Bar,Rum,Bacardi,280.88,360.4523972829168,-79.57239728291682
2023-10-25,Brown's Bar,Rum,Bacardi,261.65,330.5044821493781,-68.8544821493781
2023-10-29,Brown's Bar,Rum,Bacardi,162.73,366.1353525289559,-203.4053525289559
2023-11-11,Brown's Bar,Rum,Bacardi,143.93,367.6388629927358,-223.70886299273582
2023-11-12,Brown's Bar,Rum,Bacardi,309.39,360.2378205975272,-50.84782059752723
2023-11-14,Brown's Bar,Rum,Bacardi,413.46,359.4465696066444,54.01343039335558
2023-11-26,Brown's Bar,Rum,Bacardi,212.22,339.6110178712465,-127.39101787124648
2023-12-03,Brown's Bar,Rum,Bacardi,469.01,352.29190087682633,116.71809912317366
2023-12-04,Brown's Bar,Rum,Bacardi,432.06,340.3941306919664,91.66586930803362
2023-12-05,Brown's Bar,Rum,Bacardi,403.75,343.49495280261664,60.25504719738336
2023-12-08,Brown's Bar,Rum,Bacardi,239.36,350.0838932992108,-110.72389329921077
2023-12-15,Brown's Bar,Rum,Bacardi,357.54,324.3137387874437,33.226261212556324
2023-12-19,Brown's Bar,Rum,Bacardi,166.88,340.36455222815476,-173.48455222815477
2023-12-23,Brown's Bar,Rum,Bacardi,0.0,337.5083800927365,-337.5083800927365
2023-12-25,Brown's Bar,Rum,Bacardi,353.96,352.8504324819611,1.1095675180388866
2023-12-27,Brown's Bar,Rum,Bacardi,266.72,332.2337168488253,-65.51371684882525
2023-10-19,Brown's Bar,Rum,Captain Morgan,324.34,248.21128410828842,76.12871589171155
2023-10-22,Brown's Bar,Rum,Captain Morgan,0.0,75.3520131254494,-75.3520131254494
2023-10-26,Brown's Bar,Rum,Captain Morgan,0.0,55.75994615135025,-55.75994615135025
2023-10-31,Brown's Bar,Rum,Captain Morgan,0.0,61.58769673235456,-61.58769673235456
2023-11-06,Brown's Bar,Rum,Captain Morgan,0.0,90.76041959838057,-90.76041959838057
2023-11-17,Brown's Bar,Rum,Captain Morgan,0.0,93.17591827212769,-93.17591827212769
2023-11-20,Brown's Bar,Rum,Captain Morgan,0.0,110.10118653860029,-110.10118653860029
2023-11-23,Brown's Bar,Rum,Captain Morgan,145.58,399.91049687466756,-254.33049687466755
2023-11-25,Brown's Bar,Rum,Captain Morgan,133.35,433.14304541561756,-299.7930454156176
2023-11-28,Brown's Bar,Rum,Captain Morgan,271.42,393.8058349042867,-122.3858349042867
2023-12-06,Brown's Bar,Rum,Captain Morgan,228.66,341.3752810862434,-112.71528108624338
2023-12-11,Brown's Bar,Rum,Captain Morgan,316.13,332.5015388707774,-16.371538870777385
2023-12-12,Brown's Bar,Rum,Captain Morgan,523.79,321.62870383260645,202.16129616739352
2023-10-18,Brown's Bar,Rum,Malibu,534.5,320.9007946130645,213.59920538693552
2023-10-27,Brown's Bar,Rum,Malibu,273.33,235.1114577157895,38.218542284210486
2023-11-01,Brown's Bar,Rum,Malibu,0.0,74.1735425075589,-74.1735425075589
2023-11-03,Brown's Bar,Rum,Malibu,0.0,62.76456870885448,-62.76456870885448
2023-11-05,Brown's Bar,Rum,Malibu,0.0,82.4750105745951,-82.4750105745951
2023-11-07,Brown's Bar,Rum,Malibu,0.0,78.23208535857118,-78.23208535857118
2023-11-09,Brown's Bar,Rum,Malibu,0.0,89.66289711877198,-89.66289711877198
2023-11-16,Brown's Bar,Rum,Malibu,459.82,178.6870195702787,281.13298042972133
2023-11-19,Brown's Bar,Rum,Malibu,219.72,325.4284153228151,-105.70841532281511
2023-11-27,Brown's Bar,Rum,Malibu,112.94,334.2009902691375,-221.2609902691375
2023-11-29,Brown's Bar,Rum,Malibu,122.48,339.9462280803801,-217.46622808038006
2023-12-02,Brown's Bar,Rum,Malibu,308.83,334.32100511080745,-25.491005110807464
2023-12-10,Brown's Bar,Rum,Malibu,740.96,346.82180518218576,394.1381948178143
2023-12-13,Brown's Bar,Rum,Malibu,273.1,283.17148897228554,-10.071488972285522
2023-12-14,Brown's Bar,Rum,Malibu,324.93,359.2413553087633,-34.31135530876327
2023-12-20,Brown's Bar,Rum,Malibu,441.95,351.3393957520981,90.6106042479019
2023-12-21,Brown's Bar,Rum,Malibu,120.81,369.2353753632524,-248.42537536325239
2023-12-24,Brown's Bar,Rum,Malibu,401.13,330.49650586833235,70.63349413166765
2023-12-26,Brown's Bar,Rum,Malibu,424.45,324.8352550847635,99.61474491523649
2023-12-29,Brown's Bar,Rum,Malibu,341.87,333.90364076621285,7.966359233787159
2023-12-31,Brown's Bar,Rum,Malibu,416.29,315.1404585171132,101.14954148288683
2023-10-24,Brown's Bar,Vodka,Absolut,348.45,250.01266698051955,98.43733301948043
2023-10-31,Brown's Bar,Vodka,Absolut,307.12,325.3512670689371,-18.231267068937086
2023-11-02,Brown's Bar,Vodka,Absolut,287.89,335.8072695402567,-47.91726954025671
2023-11-16,Brown's Bar,Vodka,Absolut,103.46,356.1542552513159,-252.6942552513159
2023-11-21,Brown's Bar,Vodka,Absolut,288.35,339.6814486686144,-51.33144866861437
2023-12-04,Brown's Bar,Vodka,Absolut,215.73,347.1370642321084,-131.4070642321084
2023-12-15,Brown's Bar,Vodka,Absolut,245.02,341.80820509616206,-96.78820509616205
2023-12-19,Brown's Bar,Vodka,Absolut,321.33,350.0045650351188,-28.674565035118803
2023-12-22,Brown's Bar,Vodka,Absolut,160.21,348.40098592833624,-188.19098592833623
2023-10-17,Brown's Bar,Vodka,Grey Goose,158.36,336.727437580431,-178.367437580431
2023-10-19,Brown's Bar,Vodka,Grey Goose,322.9,341.6040672132314,-18.70406721323144
2023-10-20,Brown's Bar,Vodka,Grey Goose,1125.23,359.3948644542885,765.8351355457115
2023-11-01,Brown's Bar,Vodka,Grey Goose,434.48,331.62009724939463,102.85990275060539
2023-11-11,Brown's Bar,Vodka,Grey Goose,201.3,358.5596083433509,-157.25960834335086
2023-11-12,Brown's Bar,Vodka,Grey Goose,193.49,356.56971787639156,-163.07971787639156
2023-11-15,Brown's Bar,Vodka,Grey Goose,569.18,324.1317385529657,245.04826144703424
2023-11-17,Brown's Bar,Vodka,Grey Goose,457.92,340.9305021641123,116.98949783588773
2023-11-18,Brown's Bar,Vodka,Grey Goose,571.23,330.85285632182024,240.37714367817978
2023-11-19,Brown's Bar,Vodka,Grey Goose,382.75,346.19153344858705,36.55846655141295
2023-11-20,Brown's Bar,Vodka,Grey Goose,168.84,335.21276019318105,-166.37276019318105
2023-11-22,Brown's Bar,Vodka,Grey Goose,0.0,334.7654552287863,-334.7654552287863
2023-11-23,Brown's Bar,Vodka,Grey Goose,384.05,320.997208358704,63.05279164129604
2023-11-27,Brown's Bar,Vodka,Grey Goose,493.03,334.2248829530956,158.8051170469044
2023-11-29,Brown's Bar,Vodka,Grey Goose,380.23,347.2715779679128,32.95842203208724
2023-12-07,Brown's Bar,Vodka,Grey Goose,100.88,347.21228247826383,-246.33228247826383
2023-12-09,Brown's Bar,Vodka,Grey Goose,537.56,330.52402829121894,207.035971708781
2023-12-12,Brown's Bar,Vodka,Grey Goose,80.59,151.2032226860276,-70.6132226860276
2023-12-20,Brown's Bar,Vodka,Grey Goose,0.0,178.83345192607572,-178.83345192607572
2023-12-28,Brown's Bar,Vodka,Grey Goose,0.0,162.98855177386034,-162.98855177386034
2023-10-18,Brown's Bar,Vodka,Smirnoff,518.12,312.302563765247,205.81743623475302
2023-10-22,Brown's Bar,Vodka,Smirnoff,390.95,348.7529021673828,42.1970978326172
2023-10-29,Brown's Bar,Vodka,Smirnoff,315.64,323.67303792073284,-8.033037920732852
2023-10-30,Brown's Bar,Vodka,Smirnoff,257.14,236.99371771533444,20.146282284665546
2023-11-06,Brown's Bar,Vodka,Smirnoff,547.64,79.4353189510177,468.20468104898225
2023-11-07,Brown's Bar,Vodka,Smirnoff,462.7,343.3910859527097,119.30891404729027
2023-11-08,Brown's Bar,Vodka,Smirnoff,102.15,346.2794137000764,-244.1294137000764
2023-11-13,Brown's Bar,Vodka,Smirnoff,352.84,309.7941333792379,43.04586662076207
2023-11-24,Brown's Bar,Vodka,Smirnoff,114.57,64.63116298971482,49.93883701028517
2023-11-30,Brown's Bar,Vodka,Smirnoff,422.25,343.6617652759674,78.58823472403259
2023-12-02,Brown's Bar,Vodka,Smirnoff,130.34,338.9783886496751,-208.63838864967508
2023-12-03,Brown's Bar,Vodka,Smirnoff,331.4,338.2769263543698,-6.8769263543698
2023-12-11,Brown's Bar,Vodka,Smirnoff,167.81,213.71556028716913,-45.90556028716912
2023-12-14,Brown's Bar,Vodka,Smirnoff,0.0,71.02592109226973,-71.02592109226973
2023-12-24,Brown's Bar,Vodka,Smirnoff,550.74,69.97131441420717,480.7686855857928
2023-12-26,Brown's Bar,Vodka,Smirnoff,252.39,224.1178121313774,28.27218786862258
2023-10-30,Brown's Bar,Whiskey,Jack Daniels,0.0,90.66072126182263,-90.66072126182263
2023-11-03,Brown's Bar,Whiskey,Jack Daniels,0.0,81.76852211040844,-81.76852211040844
2023-11-05,Brown's Bar,Whiskey,Jack Daniels,0.0,82.82939707939458,-82.82939707939458
2023-11-14,Brown's Bar,Whiskey,Jack Daniels,593.42,100.9353553551635,492.48464464483646
2023-11-19,Brown's Bar,Whiskey,Jack Daniels,59.17,228.51959615689174,-169.34959615689172
2023-11-21,Brown's Bar,Whiskey,Jack Daniels,0.0,120.68329425826772,-120.68329425826772
2023-11-25,Brown's Bar,Whiskey,Jack Daniels,0.0,164.15108522050699,-164.15108522050699
2023-11-28,Brown's Bar,Whiskey,Jack Daniels,0.0,116.12613829550139,-116.12613829550139
2023-12-04,Brown's Bar,Whiskey,Jack Daniels,0.0,70.86545615837822,-70.86545615837822
2023-12-05,Brown's Bar,Whiskey,Jack Daniels,0.0,69.20870382795067,-69.20870382795067
2023-12-09,Brown's Bar,Whiskey,Jack Daniels,0.0,78.46006612088941,-78.46006612088941
2023-12-10,Brown's Bar,Whiskey,Jack Daniels,0.0,108.11390032021036,-108.11390032021036
2023-12-15,Brown's Bar,Whiskey,Jack Daniels,0.0,90.20735548047342,-90.20735548047342
2023-12-16,Brown's Bar,Whiskey,Jack Daniels,159.04,91.26823044945957,67.77176955054043
2023-12-20,Brown's Bar,Whiskey,Jack Daniels,499.89,395.6174791916098,104.2725208083902
2023-10-20,Brown's Bar,Whiskey,Jameson,309.71,340.96830788013585,-31.258307880135874
2023-10-21,Brown's Bar,Whiskey,Jameson,199.38,354.7610171854383,-155.38101718543828
2023-10-23,Brown's Bar,Whiskey,Jameson,492.97,336.61005778726894,156.35994221273108
2023-10-28,Brown's Bar,Whiskey,Jameson,323.44,353.1882656012524,-29.7482656012524
2023-11-01,Brown's Bar,Whiskey,Jameson,496.39,348.1410109568706,148.24898904312937
2023-11-10,Brown's Bar,Whiskey,Jameson,418.64,257.30835947863216,161.33164052136783
2023-11-15,Brown's Bar,Whiskey,Jameson,373.47,343.1221379957306,30.347862004269416
2023-11-17,Brown's Bar,Whiskey,Jameson,585.12,347.77546620624696,237.34453379375304
2023-11-22,Brown's Bar,Whiskey,Jameson,140.21,314.9592358180317,-174.74923581803168
2023-11-24,Brown's Bar,Whiskey,Jameson,443.99,329.112471512504,114.87752848749602
2023-11-30,Brown's Bar,Whiskey,Jameson,226.85,335.49582743842956,-108.64582743842956
2023-12-06,Brown's Bar,Whiskey,Jameson,428.02,340.04844426064716,87.97155573935282
2023-12-12,Brown's Bar,Whiskey,Jameson,462.8,323.5918772523713,139.2081227476287
2023-12-13,Brown's Bar,Whiskey,Jameson,295.9,330.44569399440604,-34.545693994406065
2023-12-18,Brown's Bar,Whiskey,Jameson,934.85,358.59586765392316,576.2541323460769
2023-10-17,Brown's Bar,Whiskey,Jim Beam,198.62,349.8827807288533,-151.26278072885327
2023-10-24,Brown's Bar,Whiskey,Jim Beam,219.59,342.50646740263335,-122.91646740263334
2023-10-25,Brown's Bar,Whiskey,Jim Beam,459.96,339.21042736314536,120.74957263685462
2023-10-27,Brown's Bar,Whiskey,Jim Beam,475.54,317.26349105857867,158.27650894142135
2023-11-02,Brown's Bar,Whiskey,Jim Beam,0.0,78.55643826859281,-78.55643826859281
2023-11-04,Brown's Bar,Whiskey,Jim Beam,547.98,84.41227077196753,463.5677292280325
2023-11-06,Brown's Bar,Whiskey,Jim Beam,960.19,326.72416801543045,633.4658319845696
2023-11-07,Brown's Bar,Whiskey,Jim Beam,277.64,285.27161682186176,-7.631616821861769
2023-11-09,Brown's Bar,Whiskey,Jim Beam,344.07,231.6717232031037,112.39827679689628
2023-11-13,Brown's Bar,Whiskey,Jim Beam,548.19,401.1899642087012,147.00003579129884
2023-11-20,Brown's Bar,Whiskey,Jim Beam,312.54,384.3537446485313,-71.81374464853127
2023-11-26,Brown's Bar,Whiskey,Jim Beam,466.06,335.24166283400484,130.81833716599516
2023-12-07,Brown's Bar,Whiskey,Jim Beam,203.45,334.4180703727818,-130.96807037278182
2023-12-17,Brown's Bar,Whiskey,Jim Beam,0.0,373.5389826821703,-373.5389826821703
2023-12-25,Brown's Bar,Whiskey,Jim Beam,352.59,329.0393232395212,23.55067676047878
2023-12-28,Brown's Bar,Whiskey,Jim Beam,174.65,338.0390264934144,-163.38902649341438
2023-12-29,Brown's Bar,Whiskey,Jim Beam,165.09,312.1228035204246,-147.0328035204246
2023-10-16,Brown's Bar,Wine,Barefoot,321.74,337.6235574958705,-15.883557495870491
2023-10-19,Brown's Bar,Wine,Barefoot,167.12,316.084651793124,-148.964651793124
2023-11-08,Brown's Bar,Wine,Barefoot,505.69,340.48567122368803,165.20432877631197
2023-11-11,Brown's Bar,Wine,Barefoot,549.76,339.30121744090013,210.45878255909986
2023-11-16,Brown's Bar,Wine,Barefoot,369.54,331.83546788173754,37.70453211826248
2023-11-18,Brown's Bar,Wine,Barefoot,381.27,373.9953336805196,7.274666319480389
2023-12-08,Brown's Bar,Wine,Barefoot,418.8,335.7148204710823,83.0851795289177
2023-12-09,Brown's Bar,Wine,Barefoot,705.05,349.25278539719386,355.7972146028061
2023-12-16,Brown's Bar,Wine,Barefoot,100.74,338.3559576313439,-237.61595763134392
2023-12-19,Brown's Bar,Wine,Barefoot,109.2,344.06950169967206,-234.86950169967207
2023-12-22,Brown's Bar,Wine,Barefoot,323.05,342.7565448651527,-19.706544865152694
2023-12-24,Brown's Bar,Wine,Barefoot,0.0,329.65287167488356,-329.65287167488356
2023-12-25,Brown's Bar,Wine,Barefoot,287.53,337.21535823296625,-49.68535823296628
2023-12-31,Brown's Bar,Wine,Barefoot,155.61,351.19610378375154,-195.58610378375153
2023-10-22,Brown's Bar,Wine,Sutter Home,408.67,353.39287995751545,55.27712004248457
2023-10-23,Brown's Bar,Wine,Sutter Home,437.81,343.14388721668126,94.66611278331874
2023-10-25,Brown's Bar,Wine,Sutter Home,137.49,335.7757690714203,-198.2857690714203
2023-10-26,Brown's Bar,Wine,Sutter Home,421.53,331.66384258471106,89.86615741528891
2023-10-31,Brown's Bar,Wine,Sutter Home,117.54,332.393180230899,-214.853180230899
2023-11-02,Brown's Bar,Wine,Sutter Home,311.54,331.50610030530044,-19.966100305300415
2023-11-09,Brown's Bar,Wine,Sutter Home,321.54,310.120154545016,11.419845454984
2023-11-12,Brown's Bar,Wine,Sutter Home,160.28,335.7036846481406,-175.4236846481406
2023-11-15,Brown's Bar,Wine,Sutter Home,329.76,355.02275478344836,-25.262754783448372
2023-11-25,Brown's Bar,Wine,Sutter Home,373.49,349.9209775206321,23.569022479367902
2023-11-26,Brown's Bar,Wine,Sutter Home,179.96,321.1206718374351,-141.1606718374351
2023-12-01,Brown's Bar,Wine,Sutter Home,128.53,334.6925850321435,-206.16258503214348
2023-10-17,Brown's Bar,Wine,Yellow Tail,307.04,326.9670562402736,-19.9270562402736
2023-10-18,Brown's Bar,Wine,Yellow Tail,271.7,334.7793695900507,-63.0793695900507
2023-10-29,Brown's Bar,Wine,Yellow Tail,620.5,342.3008966065064,278.1991033934936
2023-11-01,Brown's Bar,Wine,Yellow Tail,207.92,345.93739225022097,-138.01739225022098
2023-11-03,Brown's Bar,Wine,Yellow Tail,217.05,329.95497674237805,-112.90497674237804
2023-11-10,Brown's Bar,Wine,Yellow Tail,314.57,322.61098369197947,-8.040983691979477
2023-11-19,Brown's Bar,Wine,Yellow Tail,465.81,368.068052633738,97.74194736626202
2023-11-20,Brown's Bar,Wine,Yellow Tail,0.0,320.54491396634984,-320.54491396634984
2023-11-23,Brown's Bar,Wine,Yellow Tail,190.48,330.66819400003885,-140.18819400003886
2023-11-28,Brown's Bar,Wine,Yellow Tail,434.71,330.03623336632336,104.67376663367662
2023-11-29,Brown's Bar,Wine,Yellow Tail,280.2,332.30529909263686,-52.10529909263687
2023-12-02,Brown's Bar,Wine,Yellow Tail,312.9,331.8813738249039,-18.981373824903926
2023-12-05,Brown's Bar,Wine,Yellow Tail,422.21,335.1949462823759,87.01505371762408
2023-12-12,Brown's Bar,Wine,Yellow Tail,1118.28,350.5047220809153,767.7752779190846
2023-12-13,Brown's Bar,Wine,Yellow Tail,269.05,294.7538062845596,-25.703806284559562
2023-12-14,Brown's Bar,Wine,Yellow Tail,441.83,339.2323393156162,102.59766068438381
2023-12-29,Brown's Bar,Wine,Yellow Tail,0.0,202.09658766295792,-202.09658766295792
2023-10-17,Johnson's Bar,Beer,Budweiser,164.22,392.4040618624898,-228.1840618624898
2023-10-24,Johnson's Bar,Beer,Budweiser,263.87,395.81885146995364,-131.94885146995364
2023-10-28,Johnson's Bar,Beer,Budweiser,222.81,367.51456696322356,-144.70456696322356
2023-11-03,Johnson's Bar,Beer,Budweiser,572.92,401.9833191352545,170.93668086474548
2023-11-09,Johnson's Bar,Beer,Budweiser,505.05,395.0789655706836,109.97103442931643
2023-11-20,Johnson's Bar,Beer,Budweiser,561.06,387.4113739672415,173.64862603275844
2023-12-21,Johnson's Bar,Beer,Budweiser,463.88,368.15627028964764,95.72372971035236
2023-12-28,Johnson's Bar,Beer,Budweiser,228.55,332.00880477075617,-103.45880477075616
2023-10-26,Johnson's Bar,Beer,Coors,227.55,347.0030991545707,-119.45309915457068
2023-11-06,Johnson's Bar,Beer,Coors,455.53,360.84876162024995,94.68123837975003
2023-11-13,Johnson's Bar,Beer,Coors,545.49,337.4131003064266,208.0768996935734
2023-11-17,Johnson's Bar,Beer,Coors,460.66,265.3912273885183,195.26877261148172
2023-11-18,Johnson's Bar,Beer,Coors,0.0,312.6863416588466,-312.6863416588466
2023-11-23,Johnson's Bar,Beer,Coors,126.81,330.9250808300855,-204.1150808300855
2023-11-25,Johnson's Bar,Beer,Coors,176.85,323.24067531447383,-146.39067531447384
2023-11-27,Johnson's Bar,Beer,Coors,107.4,357.35354788331676,-249.95354788331676
2023-12-02,Johnson's Bar,Beer,Coors,413.06,375.95682539873775,37.10317460126225
2023-12-12,Johnson's Bar,Beer,Coors,532.62,353.1116077072456,179.50839229275442
2023-12-14,Johnson's Bar,Beer,Coors,352.42,337.45772946449205,14.962270535507969
2023-12-19,Johnson's Bar,Beer,Coors,506.72,349.8069491654105,156.9130508345895
2023-12-26,Johnson's Bar,Beer,Coors,133.06,332.19058894778595,-199.13058894778595
2023-10-18,Johnson's Bar,Beer,Heineken,326.71,391.78398126509535,-65.07398126509537
2023-10-21,Johnson's Bar,Beer,Heineken,492.05,359.6863875960622,132.3636124039378
2023-10-25,Johnson's Bar,Beer,Heineken,233.23,339.7134347379081,-106.48343473790808
2023-10-30,Johnson's Bar,Beer,Heineken,347.48,332.7118289689374,14.768171031062593
2023-10-31,Johnson's Bar,Beer,Heineken,356.8,335.24656465765185,21.553435342348166
2023-11-04,Johnson's Bar,Beer,Heineken,457.05,358.1246688798179,98.92533112018214
2023-11-11,Johnson's Bar,Beer,Heineken,321.93,338.51802487793566,-16.588024877935652
2023-11-12,Johnson's Bar,Beer,Heineken,423.32,356.62515059818804,66.69484940181195
2023-11-15,Johnson's Bar,Beer,Heineken,599.08,340.44161319134685,258.6383868086532
2023-11-30,Johnson's Bar,Beer,Heineken,134.35,368.1902987192729,-233.8402987192729
2023-12-06,Johnson's Bar,Beer,Heineken,173.61,368.03799137203936,-194.42799137203934
2023-12-15,Johnson's Bar,Beer,Heineken,227.7,348.4931620495106,-120.79316204951061
2023-12-17,Johnson's Bar,Beer,Heineken,510.43,373.567304185174,136.862695814826
2023-12-20,Johnson's Bar,Beer,Heineken,497.3,337.25874151903383,160.04125848096618
2023-12-24,Johnson's Bar,Beer,Heineken,522.49,335.1806622640457,187.30933773595433
2023-10-20,Johnson's Bar,Beer,Miller,304.07,359.3326438614225,-55.26264386142253
2023-10-23,Johnson's Bar,Beer,Miller,540.8,346.5447161571313,194.25528384286866
2023-10-27,Johnson's Bar,Beer,Miller,510.5,364.81433643041265,145.68566356958735
2023-11-02,Johnson's Bar,Beer,Miller,139.61,305.54775147889313,-165.93775147889312
2023-11-07,Johnson's Bar,Beer,Miller,296.27,327.31041324150044,-31.04041324150046
2023-11-08,Johnson's Bar,Beer,Miller,282.75,332.082404028668,-49.33240402866801
2023-11-16,Johnson's Bar,Beer,Miller,178.56,346.7971754175533,-168.23717541755332
2023-11-19,Johnson's Bar,Beer,Miller,590.85,348.1652972171587,242.68470278284133
2023-11-24,Johnson's Bar,Beer,Miller,374.61,326.9625966846822,47.64740331531783
2023-11-26,Johnson's Bar,Beer,Miller,363.94,334.6308978285808,29.30910217141917
2023-11-28,Johnson's Bar,Beer,Miller,367.63,300.90295791457845,66.72704208542154
2023-12-05,Johnson's Bar,Beer,Miller,519.95,426.6071309880317,93.34286901196833
2023-12-11,Johnson's Bar,Beer,Miller,52.81,106.30772048227647,-53.49772048227646
2023-12-13,Johnson's Bar,Beer,Miller,0.0,80.66702973792619,-80.66702973792619
2023-12-16,Johnson's Bar,Beer,Miller,0.0,87.75544452380876,-87.75544452380876
2023-10-22,Johnson's Bar,Rum,Bacardi,409.36,322.85236344712047,86.50763655287955
2023-10-23,Johnson's Bar,Rum,Bacardi,496.36,355.0673896078836,141.2926103921164
2023-10-28,Johnson's Bar,Rum,Bacardi,524.11,372.40846883430913,151.70153116569088
2023-11-07,Johnson's Bar,Rum,Bacardi,312.9,364.6638199334596,-51.763819933459615
2023-11-14,Johnson's Bar,Rum,Bacardi,237.24,345.9452469507523,-108.70524695075227
2023-11-19,Johnson's Bar,Rum,Bacardi,113.39,335.9346264697323,-222.5446264697323
2023-11-21,Johnson's Bar,Rum,Bacardi,325.52,372.68815867712823,-47.16815867712825
2023-11-25,Johnson's Bar,Rum,Bacardi,216.73,336.98328870308205,-120.25328870308206
2023-11-29,Johnson's Bar,Rum,Bacardi,502.67,345.15781391171873,157.51218608828128
2023-12-10,Johnson's Bar,Rum,Bacardi,116.9,338.0286429933811,-221.12864299338108
2023-12-11,Johnson's Bar,Rum,Bacardi,193.93,346.41975180702497,-152.48975180702496
2023-12-16,Johnson's Bar,Rum,Bacardi,503.76,342.12889025750883,161.63110974249116
2023-12-19,Johnson's Bar,Rum,Bacardi,355.66,337.7049883170978,17.95501168290224
2023-10-18,Johnson's Bar,Rum,Captain Morgan,274.56,338.48674871451254,-63.92674871451254
2023-10-21,Johnson's Bar,Rum,Captain Morgan,250.01,352.0306803631956,-102.0206803631956
2023-10-27,Johnson's Bar,Rum,Captain Morgan,466.62,352.9589440569751,113.6610559430249
2023-10-29,Johnson's Bar,Rum,Captain Morgan,308.31,319.6572317037615,-11.347231703761508
2023-11-01,Johnson's Bar,Rum,Captain Morgan,479.78,335.3177313842906,144.46226861570938
2023-11-08,Johnson's Bar,Rum,Captain Morgan,307.11,322.54625565261057,-15.436255652610555
2023-11-18,Johnson's Bar,Rum,Captain Morgan,0.0,359.7852483999931,-359.7852483999931
2023-11-23,Johnson's Bar,Rum,Captain Morgan,360.96,348.34357193584196,12.616428064158015
2023-11-27,Johnson's Bar,Rum,Captain Morgan,324.05,334.8659194414719,-10.815919441471863
2023-11-30,Johnson's Bar,Rum,Captain Morgan,243.56,327.6051352417028,-84.04513524170278
2023-12-01,Johnson's Bar,Rum,Captain Morgan,389.49,342.48022803063424,47.00977196936577
2023-12-03,Johnson's Bar,Rum,Captain Morgan,459.02,371.05909542527024,87.96090457472974
2023-12-08,Johnson's Bar,Rum,Captain Morgan,427.38,339.2113623750081,88.1686376249919
2023-12-09,Johnson's Bar,Rum,Captain Morgan,223.65,367.4235157334477,-143.77351573344768
2023-12-18,Johnson's Bar,Rum,Captain Morgan,220.68,337.9283929097233,-117.2483929097233
2023-12-26,Johnson's Bar,Rum,Captain Morgan,227.77,338.7394536753162,-110.9694536753162
2023-12-28,Johnson's Bar,Rum,Captain Morgan,138.5,398.82535026992736,-260.32535026992736
2023-10-19,Johnson's Bar,Rum,Malibu,343.13,372.449771532496,-29.31977153249602
2023-10-20,Johnson's Bar,Rum,Malibu,187.49,369.44956158094334,-181.95956158094333
2023-10-25,Johnson's Bar,Rum,Malibu,286.83,377.1072334594633,-90.27723345946333
2023-11-05,Johnson's Bar,Rum,Malibu,433.24,403.47243667915205,29.767563320847955
2023-11-06,Johnson's Bar,Rum,Malibu,575.52,399.47248481004823,176.04751518995175
2023-11-11,Johnson's Bar,Rum,Malibu,445.17,395.8995514162566,49.270448583743416
2023-11-12,Johnson's Bar,Rum,Malibu,409.56,382.32031505108955,27.23968494891045
2023-11-15,Johnson's Bar,Rum,Malibu,389.06,376.3450676281334,12.71493237186661
2023-11-20,Johnson's Bar,Rum,Malibu,484.24,381.8251714873495,102.4148285126505
2023-11-24,Johnson's Bar,Rum,Malibu,433.68,379.65829310261904,54.021706897380966
2023-12-04,Johnson's Bar,Rum,Malibu,492.64,395.36830526977496,97.27169473022502
2023-12-06,Johnson's Bar,Rum,Malibu,530.8,420.57603899876136,110.22396100123859
2023-12-14,Johnson's Bar,Rum,Malibu,204.13,373.25041905848707,-169.12041905848707
2023-12-17,Johnson's Bar,Rum,Malibu,174.28,374.9330303206365,-200.65303032063647
2023-12-20,Johnson's Bar,Rum,Malibu,395.06,361.7110777442941,33.34892225570593
2023-12-22,Johnson's Bar,Rum,Malibu,236.15,369.80405143044436,-133.65405143044435
2023-12-23,Johnson's Bar,Rum,Malibu,0.0,404.94081998604065,-404.94081998604065
2023-12-25,Johnson's Bar,Rum,Malibu,278.16,398.43093511002235,-120.27093511002232
2023-10-20,Johnson's Bar,Vodka,Absolut,199.93,317.4786373635395,-117.54863736353951
2023-10-25,Johnson's Bar,Vodka,Absolut,503.39,331.5301080720796,171.8598919279204
2023-11-10,Johnson's Bar,Vodka,Absolut,480.6,334.3747328982782,146.22526710172184
2023-11-12,Johnson's Bar,Vodka,Absolut,578.37,338.554103944868,239.815896055132
2023-11-15,Johnson's Bar,Vodka,Absolut,248.55,354.34546107810496,-105.79546107810495
2023-11-19,Johnson's Bar,Vodka,Absolut,507.61,319.5294415609847,188.0805584390153
2023-11-21,Johnson's Bar,Vodka,Absolut,0.0,339.9777586280103,-339.9777586280103
2023-11-23,Johnson's Bar,Vodka,Absolut,253.08,335.61844454966837,-82.53844454966836
2023-12-02,Johnson's Bar,Vodka,Absolut,173.92,344.2452845423224,-170.3252845423224
2023-12-03,Johnson's Bar,Vodka,Absolut,161.34,343.7573509602904,-182.4173509602904
2023-12-04,Johnson's Bar,Vodka,Absolut,137.43,370.520339005603,-233.09033900560297
2023-12-10,Johnson's Bar,Vodka,Absolut,340.37,387.52471988634176,-47.15471988634175
2023-12-11,Johnson's Bar,Vodka,Absolut,556.53,335.7934536424097,220.73654635759027
2023-10-23,Johnson's Bar,Vodka,Grey Goose,555.1,346.65528576870787,208.44471423129215
2023-10-31,Johnson's Bar,Vodka,Grey Goose,501.14,350.5579645146278,150.58203548537216
2023-11-01,Johnson's Bar,Vodka,Grey Goose,397.81,355.4806525273005,42.32934747269951
2023-11-02,Johnson's Bar,Vodka,Grey Goose,379.9,365.1987692156389,14.701230784361087
2023-11-05,Johnson's Bar,Vodka,Grey Goose,540.85,365.89979532169355,174.95020467830648
2023-11-14,Johnson's Bar,Vodka,Grey Goose,533.5,326.7392687006031,206.76073129939692
2023-11-17,Johnson's Bar,Vodka,Grey Goose,103.91,354.24669075836516,-250.33669075836517
2023-11-20,Johnson's Bar,Vodka,Grey Goose,462.31,320.3096880956678,142.0003119043322
2023-11-26,Johnson's Bar,Vodka,Grey Goose,199.4,337.93505119844696,-138.53505119844695
2023-12-09,Johnson's Bar,Vodka,Grey Goose,554.74,328.64849436240456,226.09150563759545
2023-12-14,Johnson's Bar,Vodka,Grey Goose,350.14,339.4204531012786,10.719546898721376
2023-12-17,Johnson's Bar,Vodka,Grey Goose,0.0,340.63373633363375,-340.63373633363375
2023-12-25,Johnson's Bar,Vodka,Grey Goose,161.73,328.41099562856175,-166.68099562856176
2023-12-28,Johnson's Bar,Vodka,Grey Goose,584.81,337.70900355779827,247.10099644220168
2023-12-29,Johnson's Bar,Vodka,Grey Goose,439.48,317.749948274076,121.730051725924
2023-12-30,Johnson's Bar,Vodka,Grey Goose,543.73,317.8927848589861,225.83721514101393
2023-10-26,Johnson's Bar,Vodka,Smirnoff,344.8,400.3826210061288,-55.58262100612876
2023-11-08,Johnson's Bar,Vodka,Smirnoff,206.66,393.4906703075455,-186.8306703075455
2023-11-16,Johnson's Bar,Vodka,Smirnoff,299.38,397.4389872078323,-98.05898720783233
2023-11-18,Johnson's Bar,Vodka,Smirnoff,484.73,403.9429715811128,80.78702841888725
2023-11-22,Johnson's Bar,Vodka,Smirnoff,451.46,382.1068510738962,69.35314892610376
2023-11-24,Johnson's Bar,Vodka,Smirnoff,288.39,380.5425891528221,-92.15258915282209
2023-12-05,Johnson's Bar,Vodka,Smirnoff,355.77,405.6773496641104,-49.90734966411043
2023-12-08,Johnson's Bar,Vodka,Smirnoff,325.25,402.86224247714364,-77.61224247714364
2023-10-16,Johnson's Bar,Whiskey,Jack Daniels,517.12,345.7586197185344,171.36138028146559
2023-10-26,Johnson's Bar,Whiskey,Jack Daniels,432.54,333.7181452819046,98.82185471809544
2023-10-30,Johnson's Bar,Whiskey,Jack Daniels,288.36,345.34950361133366,-56.989503611333646
2023-11-09,Johnson's Bar,Whiskey,Jack Daniels,495.93,348.6035718671698,147.3264281328302
2023-11-29,Johnson's Bar,Whiskey,Jack Daniels,183.93,346.31897681633154,-162.38897681633154
2023-12-04,Johnson's Bar,Whiskey,Jack Daniels,279.2,350.0463465670961,-70.84634656709613
2023-12-05,Johnson's Bar,Whiskey,Jack Daniels,594.99,344.567465260753,250.422534739247
2023-12-18,Johnson's Bar,Whiskey,Jack Daniels,151.35,368.9974645972957,-217.64746459729568
2023-12-22,Johnson's Bar,Whiskey,Jack Daniels,0.0,372.61212200758973,-372.61212200758973
2023-12-25,Johnson's Bar,Whiskey,Jack Daniels,551.68,349.59823780841236,202.0817621915876
2023-12-26,Johnson's Bar,Whiskey,Jack Daniels,338.71,357.0054308771248,-18.29543087712483
2023-10-29,Johnson's Bar,Whiskey,Jameson,120.84,96.47608061111875,24.363919388881257
2023-11-04,Johnson's Bar,Whiskey,Jameson,218.16,352.535531634304,-134.375531634304
2023-11-07,Johnson's Bar,Whiskey,Jameson,485.34,351.8750559219531,133.46494407804687
2023-11-08,Johnson's Bar,Whiskey,Jameson,294.01,211.2702181173118,82.73978188268819
2023-11-10,Johnson's Bar,Whiskey,Jameson,150.44,330.47411174952333,-180.03411174952333
2023-11-14,Johnson's Bar,Whiskey,Jameson,105.49,338.84590228835515,-233.35590228835514
2023-11-15,Johnson's Bar,Whiskey,Jameson,223.34,333.2701179972515,-109.93011799725147
2023-11-17,Johnson's Bar,Whiskey,Jameson,378.84,365.14286998164357,13.697130018356404
2023-11-22,Johnson's Bar,Whiskey,Jameson,563.25,323.342797988348,239.90720201165198
2023-11-30,Johnson's Bar,Whiskey,Jameson,126.67,392.33115392827585,-265.66115392827584
2023-12-14,Johnson's Bar,Whiskey,Jameson,130.75,325.99382174792316,-195.24382174792316
2023-12-19,Johnson's Bar,Whiskey,Jameson,506.03,335.90085114700025,170.12914885299972
2023-12-24,Johnson's Bar,Whiskey,Jameson,121.89,151.17624670383321,-29.286246703833214
2023-10-18,Johnson's Bar,Whiskey,Jim Beam,104.64,325.20593551214205,-220.56593551214206
2023-10-24,Johnson's Bar,Whiskey,Jim Beam,227.15,352.49963750743984,-125.34963750743984
2023-11-01,Johnson's Bar,Whiskey,Jim Beam,485.94,338.7758409896776,147.1641590103224
2023-11-02,Johnson's Bar,Whiskey,Jim Beam,499.61,302.81423271598203,196.79576728401798
2023-11-03,Johnson's Bar,Whiskey,Jim Beam,484.6,301.9650510035384,182.63494899646162
2023-11-06,Johnson's Bar,Whiskey,Jim Beam,261.9,327.99633232125154,-66.09633232125157
2023-11-11,Johnson's Bar,Whiskey,Jim Beam,464.01,306.70969572778034,157.30030427221965
2023-11-12,Johnson's Bar,Whiskey,Jim Beam,318.81,375.1245184325028,-56.31451843250278
2023-11-13,Johnson's Bar,Whiskey,Jim Beam,137.9,341.45682044623794,-203.55682044623794
2023-11-18,Johnson's Bar,Whiskey,Jim Beam,234.77,326.5347090496905,-91.76470904969048
2023-11-19,Johnson's Bar,Whiskey,Jim Beam,162.99,340.13615581088493,-177.14615581088492
2023-11-25,Johnson's Bar,Whiskey,Jim Beam,531.12,340.32143867423935,190.79856132576066
2023-11-26,Johnson's Bar,Whiskey,Jim Beam,476.39,352.6171355421389,123.77286445786109
2023-12-06,Johnson's Bar,Whiskey,Jim Beam,172.85,318.07416956559257,-145.22416956559258
2023-12-07,Johnson's Bar,Whiskey,Jim Beam,368.47,331.80568020518,36.66431979482002
2023-12-11,Johnson's Bar,Whiskey,Jim Beam,309.62,364.05329506432804,-54.433295064328036
2023-10-16,Johnson's Bar,Wine,Barefoot,282.11,345.3390378211615,-63.22903782116151
2023-10-27,Johnson's Bar,Wine,Barefoot,135.67,343.4626988808037,-207.79269888080373
2023-10-28,Johnson's Bar,Wine,Barefoot,552.11,347.02761923715116,205.08238076284886
2023-11-13,Johnson's Bar,Wine,Barefoot,0.0,341.30339446656586,-341.30339446656586
2023-11-23,Johnson's Bar,Wine,Barefoot,237.71,348.4512514810768,-110.74125148107677
2023-12-16,Johnson's Bar,Wine,Barefoot,348.76,334.4170527238688,14.342947276131213
2023-12-21,Johnson's Bar,Wine,Barefoot,327.64,329.9418932022877,-2.301893202287715
2023-11-02,Johnson's Bar,Wine,Sutter Home,338.49,345.716435901039,-7.226435901038997
2023-11-17,Johnson's Bar,Wine,Sutter Home,476.88,323.0663518946086,153.8136481053914
2023-11-22,Johnson's Bar,Wine,Sutter Home,486.5,362.8308093808239,123.6691906191761
2023-11-26,Johnson's Bar,Wine,Sutter Home,574.68,368.17797232984475,206.5020276701552
2023-11-27,Johnson's Bar,Wine,Sutter Home,302.94,357.6784255876943,-54.73842558769428
2023-11-30,Johnson's Bar,Wine,Sutter Home,278.89,325.15080065194826,-46.26080065194827
2023-12-07,Johnson's Bar,Wine,Sutter Home,468.15,317.1840748470115,150.96592515298846
2023-12-13,Johnson's Bar,Wine,Sutter Home,122.37,334.6518831713979,-212.2818831713979
2023-12-15,Johnson's Bar,Wine,Sutter Home,538.09,339.44192660738014,198.6480733926199
2023-12-17,Johnson's Bar,Wine,Sutter Home,105.88,336.79031045149094,-230.91031045149094
2023-12-29,Johnson's Bar,Wine,Sutter Home,196.65,329.2883459793382,-132.6383459793382
2023-10-17,Johnson's Bar,Wine,Yellow Tail,356.81,345.2284618679731,11.581538132026878
2023-10-19,Johnson's Bar,Wine,Yellow Tail,452.99,332.81181564072347,120.17818435927654
2023-10-21,Johnson's Bar,Wine,Yellow Tail,535.92,331.40185761306606,204.5181423869339
2023-10-22,Johnson's Bar,Wine,Yellow Tail,465.05,350.23496791944467,114.81503208055534
2023-10-25,Johnson's Bar,Wine,Yellow Tail,262.86,350.33882570506074,-87.47882570506073
2023-10-30,Johnson's Bar,Wine,Yellow Tail,255.67,336.32127619244045,-80.65127619244046
2023-11-01,Johnson's Bar,Wine,Yellow Tail,161.33,333.104327335653,-171.774327335653
2023-11-07,Johnson's Bar,Wine,Yellow Tail,388.88,336.6710872335434,52.20891276645659
2023-11-10,Johnson's Bar,Wine,Yellow Tail,499.52,348.91631528709456,150.60368471290542
2023-11-20,Johnson's Bar,Wine,Yellow Tail,208.35,328.3247132927371,-119.9747132927371
2023-11-28,Johnson's Bar,Wine,Yellow Tail,413.25,363.9305949894297,49.31940501057028
2023-12-01,Johnson's Bar,Wine,Yellow Tail,294.0,332.5376282959238,-38.53762829592381
2023-12-04,Johnson's Bar,Wine,Yellow Tail,108.32,335.80157997965466,-227.48157997965467
2023-12-05,Johnson's Bar,Wine,Yellow Tail,207.15,336.01582055476456,-128.86582055476455
2023-12-08,Johnson's Bar,Wine,Yellow Tail,554.41,344.5228256636083,209.8871743363917
2023-12-12,Johnson's Bar,Wine,Yellow Tail,344.68,326.6682567113158,18.011743288684215
2023-12-22,Johnson's Bar,Wine,Yellow Tail,228.74,246.8300684343808,-18.090068434380782
2023-10-24,Smith's Bar,Beer,Budweiser,579.0,341.8950385323524,237.10496146764763
2023-10-28,Smith's Bar,Beer,Budweiser,374.15,331.6881109423217,42.46188905767826
2023-11-09,Smith's Bar,Beer,Budweiser,354.86,329.5812845672986,25.278715432701404
2023-11-24,Smith's Bar,Beer,Budweiser,188.32,328.80967727553633,-140.48967727553634
2023-11-27,Smith's Bar,Beer,Budweiser,442.91,331.97632074816966,110.93367925183037
2023-12-06,Smith's Bar,Beer,Budweiser,220.23,326.6338068358927,-106.40380683589271
2023-12-18,Smith's Bar,Beer,Budweiser,159.03,326.9827496955617,-167.95274969556172
2023-12-21,Smith's Bar,Beer,Budweiser,548.57,336.8793614445196,211.69063855548046
2023-10-19,Smith's Bar,Beer,Coors,420.04,264.1675357481644,155.8724642518356
2023-11-04,Smith's Bar,Beer,Coors,489.99,121.40287675483698,368.587123245163
2023-11-29,Smith's Bar,Beer,Coors,283.46,323.22913536594075,-39.76913536594077
2023-12-03,Smith's Bar,Beer,Coors,207.4,343.9714875505567,-136.57148755055667
2023-12-07,Smith's Bar,Beer,Coors,446.28,327.2952098464612,118.98479015353877
2023-12-19,Smith's Bar,Beer,Coors,368.61,331.9812091448764,36.62879085512361
2023-11-01,Smith's Bar,Beer,Heineken,425.12,342.57850898919855,82.54149101080145
2023-11-06,Smith's Bar,Beer,Heineken,363.32,338.5793279871508,24.74067201284919
2023-11-08,Smith's Bar,Beer,Heineken,206.23,339.993740739937,-133.763740739937
2023-11-16,Smith's Bar,Beer,Heineken,101.89,336.3562703885848,-234.4662703885848
2023-11-18,Smith's Bar,Beer,Heineken,107.31,340.9706165814243,-233.66061658142428
2023-11-19,Smith's Bar,Beer,Heineken,462.86,346.49371898284073,116.36628101715928
2023-11-21,Smith's Bar,Beer,Heineken,295.78,342.49689268016783,-46.71689268016786
2023-11-28,Smith's Bar,Beer,Heineken,583.95,340.01932745815117,243.93067254184888
2023-12-05,Smith's Bar,Beer,Heineken,567.17,353.88350241297115,213.2864975870288
2023-12-14,Smith's Bar,Beer,Heineken,502.13,324.1500708907432,177.97992910925677
2023-12-15,Smith's Bar,Beer,Heineken,322.8,339.55723697629037,-16.757236976290358
2023-10-16,Smith's Bar,Beer,Miller,308.54,319.6529479220838,-11.112947922083777
2023-10-17,Smith's Bar,Beer,Miller,487.04,306.9982742837168,180.04172571628322
2023-10-18,Smith's Bar,Beer,Miller,0.0,91.01072429696792,-91.01072429696792
2023-10-26,Smith's Bar,Beer,Miller,0.0,93.90158090124615,-93.90158090124615
2023-10-31,Smith's Bar,Beer,Miller,294.73,73.95194622473643,220.77805377526357
2023-11-10,Smith's Bar,Beer,Miller,275.38,339.6411117926354,-64.2611117926354
2023-11-11,Smith's Bar,Beer,Miller,490.41,351.61385628066455,138.79614371933548
2023-11-14,Smith's Bar,Beer,Miller,162.28,221.56751650509048,-59.28751650509048
2023-12-10,Smith's Bar,Beer,Miller,196.23,97.07610382118372,99.15389617881627
2023-12-12,Smith's Bar,Beer,Miller,585.25,344.3678143297846,240.8821856702154
2023-12-13,Smith's Bar,Beer,Miller,165.16,355.5702969865921,-190.4102969865921
2023-12-16,Smith's Bar,Beer,Miller,437.32,327.5190679298106,109.80093207018939
2023-12-20,Smith's Bar,Beer,Miller,0.0,249.89657851542597,-249.89657851542597
2023-10-18,Smith's Bar,Rum,Bacardi,392.98,350.3557021174237,42.62429788257634
2023-10-22,Smith's Bar,Rum,Bacardi,176.56,354.25354994532375,-177.69354994532375
2023-10-25,Smith's Bar,Rum,Bacardi,107.39,342.6481768674155,-235.2581768674155
2023-11-01,Smith's Bar,Rum,Bacardi,454.3,337.30396723789204,116.99603276210797
2023-11-02,Smith's Bar,Rum,Bacardi,391.04,337.28233993209767,53.75766006790235
2023-11-17,Smith's Bar,Rum,Bacardi,302.33,333.64335151171935,-31.31335151171936
2023-11-22,Smith's Bar,Rum,Bacardi,266.3,347.08563630687075,-80.78563630687074
2023-11-24,Smith's Bar,Rum,Bacardi,202.39,345.6224252781154,-143.2324252781154
2023-11-30,Smith's Bar,Rum,Bacardi,176.2,350.7511450466014,-174.5511450466014
2023-12-07,Smith's Bar,Rum,Bacardi,340.5,351.7420681108732,-11.24206811087322
2023-12-13,Smith's Bar,Rum,Bacardi,537.36,349.4293231944666,187.93067680553344
2023-12-16,Smith's Bar,Rum,Bacardi,591.95,334.0210750435889,257.92892495641115
2023-12-17,Smith's Bar,Rum,Bacardi,186.2,327.96241280792975,-141.76241280792976
2023-12-21,Smith's Bar,Rum,Bacardi,304.1,348.7147145299348,-44.61471452993476
2023-12-22,Smith's Bar,Rum,Bacardi,0.0,334.3280790861835,-334.3280790861835
2023-12-25,Smith's Bar,Rum,Bacardi,216.66,346.781924799488,-130.12192479948803
2023-12-26,Smith's Bar,Rum,Bacardi,356.27,348.45386516019397,7.816134839806011
2023-10-16,Smith's Bar,Rum,Captain Morgan,265.44,352.7372607045361,-87.29726070453609
2023-10-19,Smith's Bar,Rum,Captain Morgan,492.81,348.3564592499946,144.4535407500054
2023-10-24,Smith's Bar,Rum,Captain Morgan,273.75,264.410940480824,9.339059519175976
2023-10-29,Smith's Bar,Rum,Captain Morgan,0.0,72.60155594380456,-72.60155594380456
2023-11-04,Smith's Bar,Rum,Captain Morgan,0.0,70.13632124194493,-70.13632124194493
2023-11-08,Smith's Bar,Rum,Captain Morgan,0.0,74.44693115127372,-74.44693115127372
2023-11-10,Smith's Bar,Rum,Captain Morgan,477.53,101.47799177896344,376.05200822103654
2023-11-12,Smith's Bar,Rum,Captain Morgan,465.37,329.6351919209802,135.73480807901979
2023-11-25,Smith's Bar,Rum,Captain Morgan,198.89,339.32272000341874,-140.43272000341875
2023-11-26,Smith's Bar,Rum,Captain Morgan,186.65,327.2678232115379,-140.6178232115379
2023-12-11,Smith's Bar,Rum,Captain Morgan,102.6,183.40396034346526,-80.80396034346526
2023-12-20,Smith's Bar,Rum,Captain Morgan,0.0,84.63739744778493,-84.63739744778493
2023-12-24,Smith's Bar,Rum,Captain Morgan,508.91,96.75421505569933,412.1557849443007
2023-10-21,Smith's Bar,Rum,Malibu,351.82,359.43957721347965,-7.619577213479658
2023-10-23,Smith's Bar,Rum,Malibu,109.86,347.3953858928947,-237.53538589289468
2023-10-27,Smith's Bar,Rum,Malibu,112.42,343.97768795773635,-231.55768795773633
2023-10-30,Smith's Bar,Rum,Malibu,190.22,333.6571786728043,-143.43717867280432
2023-11-07,Smith's Bar,Rum,Malibu,512.96,348.6281467006884,164.33185329931166
2023-11-20,Smith's Bar,Rum,Malibu,596.46,352.6158535840643,243.8441464159357
2023-11-29,Smith's Bar,Rum,Malibu,110.11,369.4925435392555,-259.3825435392555
2023-12-03,Smith's Bar,Rum,Malibu,299.69,385.3123051982388,-85.62230519823879
2023-12-04,Smith's Bar,Rum,Malibu,252.46,355.00099113947766,-102.54099113947765
2023-12-05,Smith's Bar,Rum,Malibu,176.67,238.68645801058082,-62.016458010580834
2023-12-06,Smith's Bar,Rum,Malibu,0.0,96.57601911849294,-96.57601911849294
2023-12-08,Smith's Bar,Rum,Malibu,0.0,112.64304722333515,-112.64304722333515
2023-12-15,Smith's Bar,Rum,Malibu,0.0,126.66515421438547,-126.66515421438547
2023-12-19,Smith's Bar,Rum,Malibu,356.07,142.79284570816046,213.27715429183954
2023-12-27,Smith's Bar,Rum,Malibu,523.89,337.91944840319275,185.97055159680724
2023-12-28,Smith's Bar,Rum,Malibu,576.4,367.07546011724054,209.32453988275944
2023-10-17,Smith's Bar,Vodka,Absolut,226.17,334.0028207473054,-107.83282074730542
2023-10-20,Smith's Bar,Vodka,Absolut,228.72,338.0911939337099,-109.37119393370992
2023-10-21,Smith's Bar,Vodka,Absolut,158.54,354.70996611504813,-196.16996611504814
2023-10-23,Smith's Bar,Vodka,Absolut,403.13,360.7278402821366,42.40215971786341
2023-10-25,Smith's Bar,Vodka,Absolut,371.68,334.6018988330737,37.07810116692633
2023-10-31,Smith's Bar,Vodka,Absolut,280.97,336.1255043154732,-55.155504315473195
2023-11-02,Smith's Bar,Vodka,Absolut,212.94,361.25944590898797,-148.31944590898797
2023-11-03,Smith's Bar,Vodka,Absolut,160.64,351.9131244075975,-191.2731244075975
2023-11-05,Smith's Bar,Vodka,Absolut,157.02,355.27296922979923,-198.25296922979922
2023-11-06,Smith's Bar,Vodka,Absolut,210.08,362.9372813317553,-152.85728133175527
2023-11-07,Smith's Bar,Vodka,Absolut,491.48,338.81306137756224,152.66693862243778
2023-11-11,Smith's Bar,Vodka,Absolut,156.61,349.11404624410653,-192.50404624410652
2023-11-12,Smith's Bar,Vodka,Absolut,462.35,345.28593647866614,117.06406352133388
2023-11-14,Smith's Bar,Vodka,Absolut,318.86,339.9827594735935,-21.122759473593476
2023-11-17,Smith's Bar,Vodka,Absolut,153.07,353.6152841657118,-200.5452841657118
2023-12-07,Smith's Bar,Vodka,Absolut,147.69,338.8488708656856,-191.15887086568563
2023-12-10,Smith's Bar,Vodka,Absolut,100.93,365.0176807591544,-264.0876807591544
2023-12-16,Smith's Bar,Vodka,Absolut,353.81,363.8593904421815,-10.049390442181505
2023-12-19,Smith's Bar,Vodka,Absolut,598.9,333.50614301350464,265.39385698649534
2023-10-18,Smith's Bar,Vodka,Grey Goose,477.56,367.06302177497366,110.49697822502634
2023-10-19,Smith's Bar,Vodka,Grey Goose,213.72,357.6645667463115,-143.9445667463115
2023-10-26,Smith's Bar,Vodka,Grey Goose,235.81,357.09479544997345,-121.28479544997344
2023-10-27,Smith's Bar,Vodka,Grey Goose,556.52,343.7108200028999,212.8091799971001
2023-11-13,Smith's Bar,Vodka,Grey Goose,352.98,349.0893136595617,3.8906863404383216
2023-11-22,Smith's Bar,Vodka,Grey Goose,400.22,359.8400553223553,40.379944677644744
2023-12-02,Smith's Bar,Vodka,Grey Goose,585.47,350.8894939826211,234.58050601737892
2023-12-04,Smith's Bar,Vodka,Grey Goose,526.05,337.9423731875759,188.10762681242403
2023-12-08,Smith's Bar,Vodka,Grey Goose,477.61,336.5774708359456,141.03252916405444
2023-12-09,Smith's Bar,Vodka,Grey Goose,158.77,361.2118756645508,-202.4418756645508
2023-12-12,Smith's Bar,Vodka,Grey Goose,167.54,345.55928833238556,-178.01928833238557
2023-12-13,Smith's Bar,Vodka,Grey Goose,416.3,354.54922621586655,61.75077378413346
2023-12-15,Smith's Bar,Vodka,Grey Goose,269.17,345.49155755290377,-76.32155755290376
2023-12-23,Smith's Bar,Vodka,Grey Goose,403.11,359.9087821546703,43.20121784532972
2023-12-26,Smith's Bar,Vodka,Grey Goose,539.86,368.043189853037,171.816810146963
2023-12-30,Smith's Bar,Vodka,Grey Goose,176.29,346.0322977482912,-169.74229774829124
2023-10-16,Smith's Bar,Vodka,Smirnoff,0.0,53.315916621325556,-53.315916621325556
2023-10-22,Smith's Bar,Vodka,Smirnoff,234.28,73.87728391853135,160.40271608146867
2023-10-29,Smith's Bar,Vodka,Smirnoff,535.02,335.12930312228633,199.89069687771365
2023-11-09,Smith's Bar,Vodka,Smirnoff,497.06,322.6836268656901,174.37637313430992
2023-11-18,Smith's Bar,Vodka,Smirnoff,182.5,243.61826586016224,-61.11826586016224
2023-11-19,Smith's Bar,Vodka,Smirnoff,490.52,74.6725076449841,415.8474923550159
2023-11-20,Smith's Bar,Vodka,Smirnoff,211.98,328.890234703955,-116.91023470395501
2023-11-27,Smith's Bar,Vodka,Smirnoff,221.37,369.2135386991196,-147.84353869911962
2023-12-01,Smith's Bar,Vodka,Smirnoff,387.82,336.0483410164262,51.771658983573786
2023-12-06,Smith's Bar,Vodka,Smirnoff,342.12,332.677846889904,9.442153110096001
2023-12-14,Smith's Bar,Vodka,Smirnoff,567.63,340.29170206412704,227.33829793587296
2023-12-17,Smith's Bar,Vodka,Smirnoff,237.68,333.59043230613776,-95.91043230613775
2023-12-18,Smith's Bar,Vodka,Smirnoff,186.98,325.7356123652893,-138.7556123652893
2023-12-21,Smith's Bar,Vodka,Smirnoff,515.51,327.4766744965313,188.0333255034687
2023-10-21,Smith's Bar,Whiskey,Jack Daniels,0.0,65.37576863698624,-65.37576863698624
2023-10-25,Smith's Bar,Whiskey,Jack Daniels,0.0,102.16602328389745,-102.16602328389745
2023-10-27,Smith's Bar,Whiskey,Jack Daniels,0.0,115.17524233352985,-115.17524233352985
2023-10-29,Smith's Bar,Whiskey,Jack Daniels,591.45,134.87680655640312,456.5731934435969
2023-11-07,Smith's Bar,Whiskey,Jack Daniels,219.1,317.69316598125204,-98.59316598125204
2023-11-09,Smith's Bar,Whiskey,Jack Daniels,152.75,363.27030184571504,-210.52030184571504
2023-11-27,Smith's Bar,Whiskey,Jack Daniels,189.47,301.74303422747124,-112.27303422747124
2023-12-02,Smith's Bar,Whiskey,Jack Daniels,460.69,355.13858568329505,105.55141431670495
2023-12-04,Smith's Bar,Whiskey,Jack Daniels,543.65,338.8440476444124,204.80595235558758
2023-12-09,Smith's Bar,Whiskey,Jack Daniels,208.42,336.1980970119692,-127.77809701196921
2023-10-18,Smith's Bar,Whiskey,Jameson,154.93,347.4092581420591,-192.4792581420591
2023-10-22,Smith's Bar,Whiskey,Jameson,369.11,345.86864560392127,23.241354396078748
2023-10-23,Smith's Bar,Whiskey,Jameson,201.28,230.21967862643572,-28.93967862643572
2023-11-08,Smith's Bar,Whiskey,Jameson,490.38,322.6589095550823,167.7210904449177
2023-11-14,Smith's Bar,Whiskey,Jameson,117.84,360.9514253392207,-243.1114253392207
2023-11-15,Smith's Bar,Whiskey,Jameson,533.67,351.7564002971538,181.91359970284617
2023-11-19,Smith's Bar,Whiskey,Jameson,503.17,330.4294231573161,172.74057684268394
2023-11-20,Smith's Bar,Whiskey,Jameson,0.0,333.0106283323866,-333.0106283323866
2023-11-23,Smith's Bar,Whiskey,Jameson,188.23,308.0908850289147,-119.86088502891474
2023-11-26,Smith's Bar,Whiskey,Jameson,114.28,343.8520156244613,-229.57201562446127
2023-12-05,Smith's Bar,Whiskey,Jameson,213.17,341.1636473593869,-127.99364735938693
2023-12-08,Smith's Bar,Whiskey,Jameson,595.63,352.17075123452736,243.45924876547264
2023-12-12,Smith's Bar,Whiskey,Jameson,162.5,341.76088133655793,-179.26088133655793
2023-12-14,Smith's Bar,Whiskey,Jameson,494.94,343.09122460244157,151.84877539755843
2023-12-15,Smith's Bar,Whiskey,Jameson,477.52,346.62937419744486,130.89062580255512
2023-12-24,Smith's Bar,Whiskey,Jameson,0.0,303.2021333019054,-303.2021333019054
2023-12-25,Smith's Bar,Whiskey,Jameson,400.73,335.7835108374304,64.9464891625696
2023-10-17,Smith's Bar,Whiskey,Jim Beam,288.19,340.0665388612904,-51.876538861290385
2023-10-24,Smith's Bar,Whiskey,Jim Beam,229.94,331.2412189406119,-101.30121894061188
2023-10-31,Smith's Bar,Whiskey,Jim Beam,156.77,350.5654188623633,-193.79541886236328
2023-11-02,Smith's Bar,Whiskey,Jim Beam,492.54,358.3056317834717,134.2343682165283
2023-11-04,Smith's Bar,Whiskey,Jim Beam,338.99,321.76829545926546,17.22170454073455
2023-11-05,Smith's Bar,Whiskey,Jim Beam,516.67,352.4604905144446,164.20950948555537
2023-11-11,Smith's Bar,Whiskey,Jim Beam,127.42,347.6271026782995,-220.20710267829946
2023-11-16,Smith's Bar,Whiskey,Jim Beam,479.64,339.77435280056187,139.86564719943811
2023-11-18,Smith's Bar,Whiskey,Jim Beam,426.82,345.9103993120369,80.90960068796312
2023-12-11,Smith's Bar,Whiskey,Jim Beam,130.11,344.2691517965419,-214.1591517965419
2023-10-19,Smith's Bar,Wine,Barefoot,465.51,354.1828547811837,111.32714521881627
2023-10-22,Smith's Bar,Wine,Barefoot,262.61,351.56426698962605,-88.95426698962603
2023-10-30,Smith's Bar,Wine,Barefoot,258.07,328.79951200052517,-70.72951200052518
2023-10-31,Smith's Bar,Wine,Barefoot,545.78,332.734021166006,213.04597883399396
2023-11-08,Smith's Bar,Wine,Barefoot,107.6,343.30541011804996,-235.70541011804997
2023-11-10,Smith's Bar,Wine,Barefoot,484.12,338.83287478794404,145.28712521205597
2023-11-20,Smith's Bar,Wine,Barefoot,330.33,323.927150621049,6.402849378950975
2023-11-21,Smith's Bar,Wine,Barefoot,394.2,337.7342270477708,56.4657729522292
2023-11-29,Smith's Bar,Wine,Barefoot,249.8,341.3783305291647,-91.5783305291647
2023-12-03,Smith's Bar,Wine,Barefoot,534.38,360.8865375739067,173.4934624260933
2023-12-06,Smith's Bar,Wine,Barefoot,215.72,339.5299925359502,-123.80999253595022
2023-12-29,Smith's Bar,Wine,Barefoot,503.75,330.8042454802412,172.9457545197588
2023-10-20,Smith's Bar,Wine,Sutter Home,280.03,343.9345289096207,-63.90452890962075
2023-10-24,Smith's Bar,Wine,Sutter Home,449.51,335.92115516180627,113.58884483819372
2023-10-26,Smith's Bar,Wine,Sutter Home,353.67,339.9036909676256,13.766309032374409
2023-10-28,Smith's Bar,Wine,Sutter Home,363.52,370.55844169392606,-7.0384416939260745
2023-10-29,Smith's Bar,Wine,Sutter Home,410.46,334.6122545628697,75.8477454371303
2023-11-02,Smith's Bar,Wine,Sutter Home,488.91,384.9772610091099,103.93273899089013
2023-11-03,Smith's Bar,Wine,Sutter Home,120.3,362.35339903160786,-242.05339903160785
2023-11-04,Smith's Bar,Wine,Sutter Home,514.22,337.1221240358892,177.0978759641108
2023-11-11,Smith's Bar,Wine,Sutter Home,324.09,351.2016919948568,-27.111691994856812
2023-11-14,Smith's Bar,Wine,Sutter Home,447.45,333.30154268707696,114.14845731292303
2023-11-17,Smith's Bar,Wine,Sutter Home,124.61,355.91605530878826,-231.30605530878825
2023-11-19,Smith's Bar,Wine,Sutter Home,156.68,347.04776976581365,-190.36776976581365
2023-11-25,Smith's Bar,Wine,Sutter Home,502.32,343.64074198750944,158.67925801249055
2023-11-27,Smith's Bar,Wine,Sutter Home,185.34,350.62027164674583,-165.28027164674583
2023-12-02,Smith's Bar,Wine,Sutter Home,117.73,325.4471024499527,-207.71710244995268
2023-12-12,Smith's Bar,Wine,Sutter Home,427.24,347.7697106197363,79.4702893802637
2023-12-14,Smith's Bar,Wine,Sutter Home,258.03,359.5535657848724,-101.5235657848724
2023-12-18,Smith's Bar,Wine,Sutter Home,393.74,335.4528088125588,58.28719118744118
2023-12-20,Smith's Bar,Wine,Sutter Home,264.54,354.94958311776236,-90.40958311776234
2023-12-24,Smith's Bar,Wine,Sutter Home,270.09,340.3938680937229,-70.30386809372294
2023-10-27,Smith's Bar,Wine,Yellow Tail,314.56,333.57611070469966,-19.016110704699656
2023-11-01,Smith's Bar,Wine,Yellow Tail,325.34,331.18515365918006,-5.845153659180085
2023-11-05,Smith's Bar,Wine,Yellow Tail,599.75,335.8139213422887,263.9360786577113
2023-11-13,Smith's Bar,Wine,Yellow Tail,494.06,326.38735571168615,167.67264428831385
2023-11-15,Smith's Bar,Wine,Yellow Tail,488.79,321.358991398937,167.431008601063
2023-11-18,Smith's Bar,Wine,Yellow Tail,0.0,298.3469086554785,-298.3469086554785
2023-11-23,Smith's Bar,Wine,Yellow Tail,195.56,336.3166593306028,-140.75665933060282
2023-11-28,Smith's Bar,Wine,Yellow Tail,514.37,329.10676799759267,185.26323200240734
2023-11-30,Smith's Bar,Wine,Yellow Tail,514.34,336.20818825686354,178.1318117431365
2023-12-01,Smith's Bar,Wine,Yellow Tail,522.31,343.6386615650042,178.67133843499573
2023-12-05,Smith's Bar,Wine,Yellow Tail,328.95,406.8031205520794,-77.85312055207942
2023-12-13,Smith's Bar,Wine,Yellow Tail,272.53,335.46109140249524,-62.93109140249527
2023-12-17,Smith's Bar,Wine,Yellow Tail,0.0,334.83688024857355,-334.83688024857355
2023-11-01,Taylor's Bar,Beer,Budweiser,305.58,397.68092125197734,-92.10092125197735
2023-11-16,Taylor's Bar,Beer,Budweiser,107.73,402.0871767869876,-294.35717678698757
2023-11-22,Taylor's Bar,Beer,Budweiser,125.94,392.9689168004773,-267.0289168004773
2023-11-27,Taylor's Bar,Beer,Budweiser,580.68,408.1218587699657,172.55814123003427
2023-12-13,Taylor's Bar,Beer,Budweiser,335.22,394.5046555936801,-59.2846555936801
2023-12-24,Taylor's Bar,Beer,Budweiser,558.72,397.19284001578313,161.5271599842169
2023-10-30,Taylor's Bar,Beer,Coors,279.63,348.7277554442187,-69.0977554442187
2023-11-04,Taylor's Bar,Beer,Coors,231.91,335.80358665296524,-103.89358665296524
2023-11-06,Taylor's Bar,Beer,Coors,154.9,471.4530232736191,-316.55302327361915
2023-11-10,Taylor's Bar,Beer,Coors,144.13,349.3569096548659,-205.2269096548659
2023-11-13,Taylor's Bar,Beer,Coors,362.98,365.5590444091645,-2.57904440916451
2023-11-18,Taylor's Bar,Beer,Coors,150.22,355.15107117996456,-204.93107117996456
2023-11-24,Taylor's Bar,Beer,Coors,108.73,259.01693233739485,-150.28693233739483
2023-12-04,Taylor's Bar,Beer,Coors,103.94,324.8122434546536,-220.87224345465359
2023-12-09,Taylor's Bar,Beer,Coors,178.0,414.81439700004427,-236.81439700004427
2023-12-10,Taylor's Bar,Beer,Coors,128.38,473.665182366502,-345.285182366502
2023-12-14,Taylor's Bar,Beer,Coors,508.66,516.3735502868136,-7.713550286813586
2023-12-20,Taylor's Bar,Beer,Coors,472.18,334.68825830232976,137.49174169767025
2023-10-23,Taylor's Bar,Beer,Heineken,253.33,349.4250032655223,-96.09500326552231
2023-11-03,Taylor's Bar,Beer,Heineken,457.3,337.14045333031305,120.15954666968696
2023-11-20,Taylor's Bar,Beer,Heineken,567.6,322.3753089912305,245.22469100876953
2023-10-16,Taylor's Bar,Beer,Miller,117.97,231.4049582414411,-113.43495824144111
2023-10-18,Taylor's Bar,Beer,Miller,0.0,63.53336722894547,-63.53336722894547
2023-10-21,Taylor's Bar,Beer,Miller,967.73,102.42325081059387,865.3067491894061
2023-10-28,Taylor's Bar,Beer,Miller,270.93,321.0592330172216,-50.129233017221566
2023-10-29,Taylor's Bar,Beer,Miller,286.25,375.7462645102816,-89.4962645102816
2023-10-31,Taylor's Bar,Beer,Miller,261.61,300.12536266263606,-38.51536266263605
2023-11-02,Taylor's Bar,Beer,Miller,0.0,133.03716616157652,-133.03716616157652
2023-11-30,Taylor's Bar,Beer,Miller,0.0,70.72338024971403,-70.72338024971403
2023-12-03,Taylor's Bar,Beer,Miller,0.0,75.72344539248331,-75.72344539248331
2023-12-05,Taylor's Bar,Beer,Miller,0.0,64.72335519709208,-64.72335519709208
2023-12-08,Taylor's Bar,Beer,Miller,0.0,65.37044062541212,-65.37044062541212
2023-12-22,Taylor's Bar,Beer,Miller,0.0,80.05174602674765,-80.05174602674765
2023-12-26,Taylor's Bar,Beer,Miller,0.0,87.82409102624737,-87.82409102624737
2023-10-19,Taylor's Bar,Rum,Bacardi,292.2,343.7672610716888,-51.56726107168879
2023-10-20,Taylor's Bar,Rum,Bacardi,765.39,346.3062481509588,419.08375184904116
2023-10-22,Taylor's Bar,Rum,Bacardi,0.0,63.31705274515055,-63.31705274515055
2023-10-28,Taylor's Bar,Rum,Bacardi,0.0,131.27370019085166,-131.27370019085166
2023-10-30,Taylor's Bar,Rum,Bacardi,0.0,159.01249518678281,-159.01249518678281
2023-11-11,Taylor's Bar,Rum,Bacardi,0.0,91.3478209019277,-91.3478209019277
2023-11-18,Taylor's Bar,Rum,Bacardi,0.0,98.26855611153427,-98.26855611153427
2023-12-05,Taylor's Bar,Rum,Bacardi,0.0,84.92799968666877,-84.92799968666877
2023-12-06,Taylor's Bar,Rum,Bacardi,0.0,94.62453475769036,-94.62453475769036
2023-12-08,Taylor's Bar,Rum,Bacardi,599.77,69.53862705692802,530.231372943072
2023-12-11,Taylor's Bar,Rum,Bacardi,571.46,331.0729723444181,240.38702765558196
2023-10-16,Taylor's Bar,Rum,Captain Morgan,317.02,342.44418361231646,-25.424183612316483
2023-10-21,Taylor's Bar,Rum,Captain Morgan,580.31,358.6102439362712,221.69975606372873
2023-10-27,Taylor's Bar,Rum,Captain Morgan,524.12,299.0353506122182,225.08464938778178
2023-10-29,Taylor's Bar,Rum,Captain Morgan,100.47,317.5947512612018,-217.1247512612018
2023-11-06,Taylor's Bar,Rum,Captain Morgan,224.67,329.1252928326425,-104.45529283264253
2023-11-09,Taylor's Bar,Rum,Captain Morgan,264.32,329.98195637294464,-65.66195637294464
2023-11-14,Taylor's Bar,Rum,Captain Morgan,269.33,353.1745013067346,-83.84450130673463
2023-11-17,Taylor's Bar,Rum,Captain Morgan,0.0,377.38662860068854,-377.38662860068854
2023-11-23,Taylor's Bar,Rum,Captain Morgan,235.81,348.4605049195153,-112.6505049195153
2023-11-27,Taylor's Bar,Rum,Captain Morgan,262.16,338.57307914108986,-76.41307914108984
2023-11-30,Taylor's Bar,Rum,Captain Morgan,194.96,351.13422113255996,-156.17422113255995
2023-12-01,Taylor's Bar,Rum,Captain Morgan,853.21,355.56727490477664,497.6427250952234
2023-12-15,Taylor's Bar,Rum,Captain Morgan,245.92,340.3168217210369,-94.3968217210369
2023-12-17,Taylor's Bar,Rum,Captain Morgan,304.23,370.1661808212049,-65.93618082120486
2023-12-26,Taylor's Bar,Rum,Captain Morgan,440.76,376.50977647602474,64.25022352397525
2023-10-17,Taylor's Bar,Rum,Malibu,450.41,344.42042501784294,105.98957498215708
2023-10-18,Taylor's Bar,Rum,Malibu,363.96,340.9416962905806,23.0183037094194
2023-11-03,Taylor's Bar,Rum,Malibu,460.29,362.43899256516784,97.85100743483218
2023-11-07,Taylor's Bar,Rum,Malibu,229.22,352.2395082555129,-123.01950825551287
2023-11-08,Taylor's Bar,Rum,Malibu,434.3,335.4065517649859,98.89344823501409
2023-11-19,Taylor's Bar,Rum,Malibu,116.8,327.20448138999876,-210.40448138999875
2023-11-21,Taylor's Bar,Rum,Malibu,216.72,319.66628318167716,-102.94628318167716
2023-11-28,Taylor's Bar,Rum,Malibu,332.73,293.69809913662556,39.03190086337446
2023-12-07,Taylor's Bar,Rum,Malibu,163.83,334.0433007744301,-170.2133007744301
2023-12-09,Taylor's Bar,Rum,Malibu,517.48,346.54981486984946,170.93018513015056
2023-12-13,Taylor's Bar,Rum,Malibu,247.42,359.57800126097396,-112.15800126097398
2023-12-19,Taylor's Bar,Rum,Malibu,301.01,336.16710044093674,-35.157100440936745
2023-12-21,Taylor's Bar,Rum,Malibu,0.0,350.2862115056082,-350.2862115056082
2023-12-25,Taylor's Bar,Rum,Malibu,383.17,340.3575341368801,42.81246586311994
2023-12-27,Taylor's Bar,Rum,Malibu,575.17,344.47598328475436,230.6940167152456
2023-12-29,Taylor's Bar,Rum,Malibu,220.2,325.0518085434878,-104.85180854348783
2023-10-17,Taylor's Bar,Vodka,Absolut,484.98,364.19845922249584,120.78154077750418
2023-10-18,Taylor's Bar,Vodka,Absolut,493.79,227.25104546619932,266.53895453380073
2023-10-19,Taylor's Bar,Vodka,Absolut,449.39,341.04567327538643,108.34432672461355
2023-10-20,Taylor's Bar,Vodka,Absolut,357.97,343.36779072338055,14.602209276619476
2023-11-05,Taylor's Bar,Vodka,Absolut,150.6,251.9693896943585,-101.36938969435852
2023-11-06,Taylor's Bar,Vodka,Absolut,574.59,336.3639048089418,238.22609519105822
2023-11-07,Taylor's Bar,Vodka,Absolut,0.0,344.1837339192603,-344.1837339192603
2023-11-23,Taylor's Bar,Vodka,Absolut,550.87,345.9629467535212,204.90705324647882
2023-11-27,Taylor's Bar,Vodka,Absolut,106.32,334.60995445932593,-228.28995445932594
2023-11-29,Taylor's Bar,Vodka,Absolut,700.57,329.8302302640913,370.73976973590874
2023-12-15,Taylor's Bar,Vodka,Absolut,258.11,341.04080958832265,-82.93080958832263
2023-12-22,Taylor's Bar,Vodka,Absolut,361.78,362.51820128622165,-0.7382012862216811
2023-12-27,Taylor's Bar,Vodka,Absolut,323.84,319.07337188543914,4.766628114560831
2023-10-22,Taylor's Bar,Vodka,Grey Goose,575.9,361.52403786980574,214.37596213019424
2023-10-24,Taylor's Bar,Vodka,Grey Goose,521.1,348.84701577987937,172.25298422012065
2023-10-26,Taylor's Bar,Vodka,Grey Goose,483.73,339.7251138533913,144.00488614660873
2023-10-29,Taylor's Bar,Vodka,Grey Goose,194.6,357.97252587356996,-163.37252587356997
2023-11-01,Taylor's Bar,Vodka,Grey Goose,588.84,338.08273203288894,250.7572679671111
2023-11-03,Taylor's Bar,Vodka,Grey Goose,317.81,345.44145056754013,-27.631450567540128
2023-11-04,Taylor's Bar,Vodka,Grey Goose,488.49,364.97285501070235,123.51714498929766
2023-11-08,Taylor's Bar,Vodka,Grey Goose,197.0,299.7117858886732,-102.7117858886732
2023-11-11,Taylor's Bar,Vodka,Grey Goose,240.77,328.22113663961767,-87.45113663961766
2023-11-25,Taylor's Bar,Vodka,Grey Goose,329.64,348.8888526426497,-19.248852642649695
2023-12-05,Taylor's Bar,Vodka,Grey Goose,534.95,346.48454873319815,188.4654512668019
2023-12-06,Taylor's Bar,Vodka,Grey Goose,373.94,335.55984812433724,38.38015187566276
2023-12-07,Taylor's Bar,Vodka,Grey Goose,369.64,319.34084199312053,50.29915800687945
2023-12-12,Taylor's Bar,Vodka,Grey Goose,155.99,351.49596146468593,-195.50596146468592
2023-10-16,Taylor's Bar,Vodka,Smirnoff,0.0,145.51593345991535,-145.51593345991535
2023-10-25,Taylor's Bar,Vodka,Smirnoff,0.0,154.8868760578177,-154.8868760578177
2023-10-31,Taylor's Bar,Vodka,Smirnoff,495.09,164.9416249083097,330.14837509169024
2023-11-02,Taylor's Bar,Vodka,Smirnoff,544.05,333.45738638619446,210.5926136138055
2023-11-09,Taylor's Bar,Vodka,Smirnoff,376.37,339.6753830706592,36.69461692934078
2023-11-10,Taylor's Bar,Vodka,Smirnoff,189.0,241.70405637708484,-52.70405637708484
2023-11-14,Taylor's Bar,Vodka,Smirnoff,0.0,138.31055259797702,-138.31055259797702
2023-11-17,Taylor's Bar,Vodka,Smirnoff,309.16,115.0432519007263,194.1167480992737
2023-11-18,Taylor's Bar,Vodka,Smirnoff,598.15,348.1204637491493,250.0295362508507
2023-11-20,Taylor's Bar,Vodka,Smirnoff,587.65,357.57503804200167,230.0749619579983
2023-11-22,Taylor's Bar,Vodka,Smirnoff,497.67,364.66633078799254,133.00366921200748
2023-11-26,Taylor's Bar,Vodka,Smirnoff,376.04,379.13289675210433,-3.092896752104309
2023-12-09,Taylor's Bar,Vodka,Smirnoff,555.8,343.45190490018246,212.3480950998175
2023-12-10,Taylor's Bar,Vodka,Smirnoff,214.02,330.9525335878655,-116.93253358786549
2023-12-13,Taylor's Bar,Vodka,Smirnoff,324.01,335.2095777105443,-11.199577710544304
2023-12-16,Taylor's Bar,Vodka,Smirnoff,223.77,349.570295501553,-125.800295501553
2023-12-18,Taylor's Bar,Vodka,Smirnoff,230.83,361.9816520845567,-131.15165208455667
2023-12-19,Taylor's Bar,Vodka,Smirnoff,251.51,346.44458644607766,-94.93458644607767
2023-12-20,Taylor's Bar,Vodka,Smirnoff,251.18,354.029406786629,-102.849406786629
2023-12-26,Taylor's Bar,Vodka,Smirnoff,537.42,355.5629181735018,181.85708182649813
2023-12-28,Taylor's Bar,Vodka,Smirnoff,421.74,335.3129960474169,86.4270039525831
2023-10-26,Taylor's Bar,Whiskey,Jack Daniels,59.39,101.96455388421111,-42.57455388421111
2023-11-06,Taylor's Bar,Whiskey,Jack Daniels,0.0,111.65511633565936,-111.65511633565936
2023-11-09,Taylor's Bar,Whiskey,Jack Daniels,0.0,72.38844582589095,-72.38844582589095
2023-11-14,Taylor's Bar,Whiskey,Jack Daniels,0.0,85.79754597231735,-85.79754597231735
2023-11-15,Taylor's Bar,Whiskey,Jack Daniels,0.0,90.96149462428502,-90.96149462428502
2023-11-17,Taylor's Bar,Whiskey,Jack Daniels,0.0,99.4933717312241,-99.4933717312241
2023-11-19,Taylor's Bar,Whiskey,Jack Daniels,0.0,112.26528758721427,-112.26528758721427
2023-11-24,Taylor's Bar,Whiskey,Jack Daniels,0.0,178.88965332034846,-178.88965332034846
2023-11-25,Taylor's Bar,Whiskey,Jack Daniels,0.0,115.62060253734944,-115.62060253734944
2023-11-27,Taylor's Bar,Whiskey,Jack Daniels,520.51,121.6615493153572,398.8484506846428
2023-11-28,Taylor's Bar,Whiskey,Jack Daniels,129.79,316.00324398996565,-186.21324398996566
2023-11-29,Taylor's Bar,Whiskey,Jack Daniels,421.23,344.81841389867213,76.41158610132788
2023-12-01,Taylor's Bar,Whiskey,Jack Daniels,414.88,326.20452652778994,88.67547347221006
2023-12-10,Taylor's Bar,Whiskey,Jack Daniels,420.44,337.0727295384736,83.3672704615264
2023-12-17,Taylor's Bar,Whiskey,Jack Daniels,418.63,412.01616631969483,6.613833680305163
2023-12-21,Taylor's Bar,Whiskey,Jack Daniels,200.43,409.7540411220012,-209.32404112200118
2023-12-23,Taylor's Bar,Whiskey,Jack Daniels,439.35,332.35319495390496,106.99680504609506
2023-10-25,Taylor's Bar,Whiskey,Jameson,681.56,352.5049824406641,329.05501755933585
2023-10-28,Taylor's Bar,Whiskey,Jameson,516.86,352.1301950572086,164.72980494279142
2023-10-31,Taylor's Bar,Whiskey,Jameson,594.96,360.3168441369126,234.64315586308743
2023-11-04,Taylor's Bar,Whiskey,Jameson,205.11,361.28086380469244,-156.17086380469243
2023-11-05,Taylor's Bar,Whiskey,Jameson,264.88,360.81245758871296,-95.93245758871296
2023-11-10,Taylor's Bar,Whiskey,Jameson,517.45,339.5533896635974,177.89661033640266
2023-11-21,Taylor's Bar,Whiskey,Jameson,511.41,325.70314416293843,185.7068558370616
2023-12-05,Taylor's Bar,Whiskey,Jameson,280.36,333.53240230256137,-53.17240230256135
2023-12-06,Taylor's Bar,Whiskey,Jameson,535.0,334.4403721796557,200.5596278203443
2023-12-14,Taylor's Bar,Whiskey,Jameson,360.6,309.4239947274921,51.17600527250795
2023-12-15,Taylor's Bar,Whiskey,Jameson,261.47,218.527328631344,42.94267136865602
2023-12-16,Taylor's Bar,Whiskey,Jameson,158.19,330.7116243332302,-172.5216243332302
2023-12-18,Taylor's Bar,Whiskey,Jameson,0.0,354.79447657269696,-354.79447657269696
2023-10-20,Taylor's Bar,Whiskey,Jim Beam,409.44,360.1466391001353,49.293360899864695
2023-11-02,Taylor's Bar,Whiskey,Jim Beam,502.53,338.87703778061535,163.65296221938462
2023-11-07,Taylor's Bar,Whiskey,Jim Beam,246.41,342.49427331605654,-96.08427331605654
2023-11-08,Taylor's Bar,Whiskey,Jim Beam,587.72,339.02129703248085,248.69870296751918
2023-11-12,Taylor's Bar,Whiskey,Jim Beam,187.59,334.2859232971294,-146.69592329712938
2023-11-16,Taylor's Bar,Whiskey,Jim Beam,181.11,365.96251751417805,-184.85251751417803
2023-11-20,Taylor's Bar,Whiskey,Jim Beam,952.32,325.4276543810859,626.8923456189141
2023-12-03,Taylor's Bar,Whiskey,Jim Beam,542.69,454.1895103529936,88.50048964700648
2023-12-04,Taylor's Bar,Whiskey,Jim Beam,532.39,351.9680921228563,180.42190787714367
2023-12-08,Taylor's Bar,Whiskey,Jim Beam,341.12,350.9661917270531,-9.84619172705311
2023-12-12,Taylor's Bar,Whiskey,Jim Beam,522.56,342.6240688912184,179.93593110878152
2023-12-13,Taylor's Bar,Whiskey,Jim Beam,107.29,333.1942123058219,-225.9042123058219
2023-12-20,Taylor's Bar,Whiskey,Jim Beam,337.62,345.0128164252941,-7.392816425294086
2023-12-22,Taylor's Bar,Whiskey,Jim Beam,358.99,327.33439194665556,31.65560805334445
2023-12-29,Taylor's Bar,Whiskey,Jim Beam,349.75,339.18587273377426,10.56412726622574
2023-12-31,Taylor's Bar,Whiskey,Jim Beam,253.33,343.0126763612951,-89.68267636129511
2023-10-18,Taylor's Bar,Wine,Barefoot,399.39,332.0267830376126,67.36321696238741
2023-10-24,Taylor's Bar,Wine,Barefoot,152.81,341.5933149869503,-188.7833149869503
2023-11-01,Taylor's Bar,Wine,Barefoot,572.78,356.0252545250268,216.75474547497316
2023-11-12,Taylor's Bar,Wine,Barefoot,592.53,326.78371181999194,265.74628818000804
2023-11-14,Taylor's Bar,Wine,Barefoot,588.63,352.5835488883115,236.0464511116885
2023-11-15,Taylor's Bar,Wine,Barefoot,529.64,415.87715290676215,113.76284709323784
2023-11-18,Taylor's Bar,Wine,Barefoot,423.94,342.76020391199853,81.17979608800147
2023-11-22,Taylor's Bar,Wine,Barefoot,447.22,311.2249352675064,135.99506473249363
2023-11-30,Taylor's Bar,Wine,Barefoot,249.14,348.7190029128392,-99.5790029128392
2023-12-08,Taylor's Bar,Wine,Barefoot,372.79,316.7528721746437,56.03712782535632
2023-12-09,Taylor's Bar,Wine,Barefoot,100.05,334.6619708399501,-234.61197083995006
2023-12-12,Taylor's Bar,Wine,Barefoot,129.34,351.7963408876357,-222.45634088763572
2023-12-14,Taylor's Bar,Wine,Barefoot,165.18,328.48103387366217,-163.30103387366216
2023-10-20,Taylor's Bar,Wine,Sutter Home,182.55,304.55145746731,-122.00145746730999
2023-11-03,Taylor's Bar,Wine,Sutter Home,146.4,312.7410227817826,-166.34102278178258
2023-11-07,Taylor's Bar,Wine,Sutter Home,354.76,329.02103890591803,25.738961094081958
2023-11-08,Taylor's Bar,Wine,Sutter Home,541.66,319.4448860023361,222.21511399766388
2023-11-11,Taylor's Bar,Wine,Sutter Home,461.56,315.6861525653705,145.8738474346295
2023-11-13,Taylor's Bar,Wine,Sutter Home,569.46,344.2489804963925,225.21101950360753
2023-11-16,Taylor's Bar,Wine,Sutter Home,402.25,323.1030178602463,79.14698213975367
2023-12-04,Taylor's Bar,Wine,Sutter Home,483.36,349.1185106457185,134.2414893542815
2023-12-07,Taylor's Bar,Wine,Sutter Home,186.02,334.7157999275234,-148.69579992752338
2023-12-10,Taylor's Bar,Wine,Sutter Home,1126.0,345.4271478984103,780.5728521015897
2023-12-15,Taylor's Bar,Wine,Sutter Home,98.72,116.30650718275187,-17.586507182751873
2023-12-16,Taylor's Bar,Wine,Sutter Home,0.0,108.63675830883581,-108.63675830883581
2023-12-20,Taylor's Bar,Wine,Sutter Home,0.0,172.4338796652938,-172.4338796652938
2023-12-27,Taylor's Bar,Wine,Sutter Home,0.0,95.20126461189668,-95.20126461189668
2023-12-30,Taylor's Bar,Wine,Sutter Home,0.0,126.63835820771222,-126.63835820771222
2023-10-23,Taylor's Bar,Wine,Yellow Tail,0.0,113.55695667677523,-113.55695667677523
2023-10-25,Taylor's Bar,Wine,Yellow Tail,0.0,113.55695667677523,-113.55695667677523
2023-10-27,Taylor's Bar,Wine,Yellow Tail,0.0,113.55695667677523,-113.55695667677523
2023-10-29,Taylor's Bar,Wine,Yellow Tail,0.0,114.61783164576137,-114.61783164576137
2023-10-31,Taylor's Bar,Wine,Yellow Tail,0.0,113.55695667677523,-113.55695667677523
2023-11-04,Taylor's Bar,Wine,Yellow Tail,0.0,80.85853596152894,-80.85853596152894
2023-11-26,Taylor's Bar,Wine,Yellow Tail,549.3,280.42363134151975,268.8763686584802
2023-11-29,Taylor's Bar,Wine,Yellow Tail,481.4,377.1308206076718,104.26917939232817
2023-12-01,Taylor's Bar,Wine,Yellow Tail,217.3,315.85604672386125,-98.55604672386124
2023-12-02,Taylor's Bar,Wine,Yellow Tail,366.65,304.2485931063016,62.40140689369838
2023-12-11,Taylor's Bar,Wine,Yellow Tail,522.01,316.73894569666083,205.27105430333916
2023-12-17,Taylor's Bar,Wine,Yellow Tail,221.79,206.33162107467282,15.458378925327168
2023-12-22,Taylor's Bar,Wine,Yellow Tail,284.44,45.1208827413245,239.3191172586755
2023-12-23,Taylor's Bar,Wine,Yellow Tail,0.0,332.6046968009299,-332.6046968009299
2023-10-23,Thomas's Bar,Beer,Budweiser,387.63,330.93760162820143,56.69239837179856
2023-10-28,Thomas's Bar,Beer,Budweiser,361.69,351.0611563096292,10.628843690370786
2023-11-10,Thomas's Bar,Beer,Budweiser,225.5,346.8014386366228,-121.30143863662278
2023-11-11,Thomas's Bar,Beer,Budweiser,396.9,350.96045140352055,45.939548596479426
2023-11-20,Thomas's Bar,Beer,Budweiser,506.03,364.38698929741474,141.64301070258523
2023-11-29,Thomas's Bar,Beer,Budweiser,377.7,350.038796196645,27.661203803354965
2023-12-05,Thomas's Bar,Beer,Budweiser,428.03,353.5024927425863,74.52750725741367
2023-12-06,Thomas's Bar,Beer,Budweiser,144.48,347.21094585668544,-202.73094585668545
2023-12-12,Thomas's Bar,Beer,Budweiser,215.83,329.9553279781108,-114.12532797811079
2023-12-13,Thomas's Bar,Beer,Budweiser,262.68,331.9512304707695,-69.27123047076947
2023-12-14,Thomas's Bar,Beer,Budweiser,416.43,341.54899983072545,74.88100016927456
2023-12-16,Thomas's Bar,Beer,Budweiser,351.11,325.5283696062911,25.581630393708906
2023-12-22,Thomas's Bar,Beer,Budweiser,0.0,392.4523125640156,-392.4523125640156
2023-10-24,Thomas's Bar,Beer,Coors,0.0,85.30859826755022,-85.30859826755022
2023-10-25,Thomas's Bar,Beer,Coors,412.43,91.62917336598977,320.80082663401026
2023-11-03,Thomas's Bar,Beer,Coors,209.04,256.2385363954617,-47.19853639546173
2023-11-14,Thomas's Bar,Beer,Coors,447.52,327.7206300317275,119.79936996827246
2023-11-15,Thomas's Bar,Beer,Coors,511.68,361.9114896765033,149.76851032349668
2023-11-22,Thomas's Bar,Beer,Coors,533.72,331.159208866221,202.56079113377905
2023-10-16,Thomas's Bar,Beer,Heineken,427.95,334.7394763599136,93.21052364008636
2023-10-21,Thomas's Bar,Beer,Heineken,300.39,362.0689612967117,-61.67896129671169
2023-10-27,Thomas's Bar,Beer,Heineken,393.47,348.9177177628535,44.55228223714653
2023-11-28,Thomas's Bar,Beer,Heineken,574.57,344.22004709814036,230.3499529018597
2023-12-26,Thomas's Bar,Beer,Heineken,364.12,308.9277419298868,55.19225807011321
2023-10-26,Thomas's Bar,Beer,Miller,519.32,367.6408620720094,151.67913792799067
2023-11-02,Thomas's Bar,Beer,Miller,265.01,368.51170847782254,-103.50170847782255
2023-11-07,Thomas's Bar,Beer,Miller,226.55,376.91455725814876,-150.36455725814875
2023-11-24,Thomas's Bar,Beer,Miller,486.78,362.7978696501033,123.98213034989669
2023-11-27,Thomas's Bar,Beer,Miller,596.0,351.6791706014978,244.3208293985022
2023-12-11,Thomas's Bar,Beer,Miller,549.24,396.7608023532008,152.4791976467992
2023-10-20,Thomas's Bar,Rum,Bacardi,459.85,367.2902595553587,92.5597404446413
2023-10-26,Thomas's Bar,Rum,Bacardi,202.98,371.37039420592134,-168.39039420592135
2023-10-27,Thomas's Bar,Rum,Bacardi,402.49,346.85876199047055,55.631238009529454
2023-10-30,Thomas's Bar,Rum,Bacardi,503.07,346.29275000279006,156.77724999720994
2023-11-03,Thomas's Bar,Rum,Bacardi,174.34,347.8400912790148,-173.5000912790148
2023-11-04,Thomas's Bar,Rum,Bacardi,246.88,360.92699325612364,-114.04699325612364
2023-11-06,Thomas's Bar,Rum,Bacardi,362.27,366.6334113310274,-4.363411331027407
2023-11-14,Thomas's Bar,Rum,Bacardi,787.31,340.0244446244697,447.28555537553024
2023-11-17,Thomas's Bar,Rum,Bacardi,131.49,338.23888795092415,-206.74888795092414
2023-11-22,Thomas's Bar,Rum,Bacardi,538.15,380.5069980688286,157.6430019311714
2023-11-24,Thomas's Bar,Rum,Bacardi,375.19,364.85362891151203,10.336371088487965
2023-11-30,Thomas's Bar,Rum,Bacardi,563.21,339.4229639165465,223.78703608345353
2023-12-10,Thomas's Bar,Rum,Bacardi,119.71,358.74692152877793,-239.03692152877795
2023-12-17,Thomas's Bar,Rum,Bacardi,298.07,351.50082255347263,-53.43082255347264
2023-12-22,Thomas's Bar,Rum,Bacardi,572.6,362.9819722735191,209.61802772648093
2023-10-16,Thomas's Bar,Rum,Captain Morgan,541.31,354.9121363727151,186.39786362728483
2023-11-02,Thomas's Bar,Rum,Captain Morgan,277.77,330.97478372305346,-53.20478372305348
2023-11-05,Thomas's Bar,Rum,Captain Morgan,579.86,370.547253700052,209.312746299948
2023-11-07,Thomas's Bar,Rum,Captain Morgan,122.8,337.66167655965876,-214.86167655965875
2023-11-11,Thomas's Bar,Rum,Captain Morgan,269.57,330.169126037531,-60.59912603753099
2023-11-16,Thomas's Bar,Rum,Captain Morgan,169.56,299.6529477317902,-130.09294773179022
2023-11-19,Thomas's Bar,Rum,Captain Morgan,156.29,357.61444174560137,-201.32444174560138
2023-11-25,Thomas's Bar,Rum,Captain Morgan,274.57,362.212940834021,-87.64294083402103
2023-12-04,Thomas's Bar,Rum,Captain Morgan,300.55,335.54968062219996,-34.999680622199946
2023-12-06,Thomas's Bar,Rum,Captain Morgan,590.28,344.07324035998937,246.2067596400106
2023-12-11,Thomas's Bar,Rum,Captain Morgan,536.8,333.6790926590533,203.12090734094664
2023-12-13,Thomas's Bar,Rum,Captain Morgan,237.35,304.4881332539402,-67.1381332539402
2023-12-15,Thomas's Bar,Rum,Captain Morgan,123.94,271.0851927679931,-147.14519276799308
2023-10-19,Thomas's Bar,Rum,Malibu,203.76,338.451129645346,-134.691129645346
2023-10-21,Thomas's Bar,Rum,Malibu,536.8,341.5251788091568,195.27482119084317
2023-10-24,Thomas's Bar,Rum,Malibu,188.35,332.77032782299005,-144.42032782299006
2023-11-09,Thomas's Bar,Rum,Malibu,191.86,307.173414027171,-115.313414027171
2023-11-12,Thomas's Bar,Rum,Malibu,116.61,332.22960177560486,-215.61960177560485
2023-11-13,Thomas's Bar,Rum,Malibu,312.85,355.11410841948765,-42.26410841948763
2023-11-15,Thomas's Bar,Rum,Malibu,261.37,342.62277834314574,-81.25277834314574
2023-11-20,Thomas's Bar,Rum,Malibu,109.8,342.07757140238334,-232.27757140238333
2023-11-26,Thomas's Bar,Rum,Malibu,514.35,337.549021803755,176.800978196245
2023-11-27,Thomas's Bar,Rum,Malibu,362.14,340.84394901020863,21.296050989791354
2023-12-21,Thomas's Bar,Rum,Malibu,236.94,354.9862297758695,-118.0462297758695
2023-12-28,Thomas's Bar,Rum,Malibu,429.13,339.5702700027256,89.55972999727442
2023-10-18,Thomas's Bar,Vodka,Absolut,173.5,353.3165890808579,-179.8165890808579
2023-10-20,Thomas's Bar,Vodka,Absolut,248.73,343.0435878933903,-94.31358789339029
2023-10-23,Thomas's Bar,Vodka,Absolut,464.48,335.3240361264099,129.1559638735901
2023-10-25,Thomas's Bar,Vodka,Absolut,164.75,347.27417562632553,-182.52417562632553
2023-10-27,Thomas's Bar,Vodka,Absolut,267.39,341.9316428937133,-74.54164289371329
2023-10-29,Thomas's Bar,Vodka,Absolut,143.27,352.88482954348336,-209.61482954348335
2023-11-03,Thomas's Bar,Vodka,Absolut,182.15,354.4265576740411,-172.27655767404107
2023-11-05,Thomas's Bar,Vodka,Absolut,359.51,362.65172634955076,-3.1417263495507655
2023-11-10,Thomas's Bar,Vodka,Absolut,496.83,335.6431768817302,161.18682311826979
2023-11-26,Thomas's Bar,Vodka,Absolut,354.39,341.7529041799052,12.637095820094771
2023-12-06,Thomas's Bar,Vodka,Absolut,473.61,350.56675728659417,123.04324271340585
2023-12-10,Thomas's Bar,Vodka,Absolut,119.85,351.17689316293564,-231.32689316293565
2023-12-24,Thomas's Bar,Vodka,Absolut,128.52,364.72749700709073,-236.20749700709072
2023-10-17,Thomas's Bar,Vodka,Grey Goose,551.63,324.3787536518622,227.25124634813778
2023-10-21,Thomas's Bar,Vodka,Grey Goose,284.25,332.66629055200536,-48.416290552005364
2023-10-22,Thomas's Bar,Vodka,Grey Goose,275.94,326.2359773933583,-50.29597739335833
2023-10-28,Thomas's Bar,Vodka,Grey Goose,436.48,347.1579846588899,89.3220153411101
2023-11-04,Thomas's Bar,Vodka,Grey Goose,187.06,336.15281781004603,-149.09281781004603
2023-11-06,Thomas's Bar,Vodka,Grey Goose,133.53,368.84780272506873,-235.31780272506873
2023-11-13,Thomas's Bar,Vodka,Grey Goose,383.19,343.0604940707919,40.12950592920811
2023-11-16,Thomas's Bar,Vodka,Grey Goose,237.31,340.01602505516183,-102.70602505516183
2023-11-19,Thomas's Bar,Vodka,Grey Goose,186.29,338.86602607945844,-152.57602607945844
2023-11-25,Thomas's Bar,Vodka,Grey Goose,358.29,331.1871055594193,27.102894440580712
2023-11-28,Thomas's Bar,Vodka,Grey Goose,439.55,353.2740607627395,86.2759392372605
2023-12-01,Thomas's Bar,Vodka,Grey Goose,113.86,334.44131348630026,-220.58131348630025
2023-12-02,Thomas's Bar,Vodka,Grey Goose,557.46,327.1789422288057,230.28105777119436
2023-12-03,Thomas's Bar,Vodka,Grey Goose,598.95,324.02904418764535,274.9209558123547
2023-12-07,Thomas's Bar,Vodka,Grey Goose,276.47,317.4135703302497,-40.943570330249656
2023-12-09,Thomas's Bar,Vodka,Grey Goose,211.27,370.6697100472268,-159.39971004722676
2023-12-15,Thomas's Bar,Vodka,Grey Goose,391.2,370.21678754305356,20.983212456946433
2023-12-18,Thomas's Bar,Vodka,Grey Goose,366.02,357.07489692979743,8.94510307020255
2023-12-20,Thomas's Bar,Vodka,Grey Goose,395.97,338.18975649626907,57.78024350373096
2023-12-23,Thomas's Bar,Vodka,Grey Goose,0.0,354.05403030318035,-354.05403030318035
2023-12-25,Thomas's Bar,Vodka,Grey Goose,573.73,330.563963584341,243.166036415659
2023-12-26,Thomas's Bar,Vodka,Grey Goose,529.16,334.8431986709446,194.31680132905535
2023-10-26,Thomas's Bar,Vodka,Smirnoff,511.44,338.46090654680546,172.97909345319454
2023-10-30,Thomas's Bar,Vodka,Smirnoff,464.65,369.53572980070044,95.11427019929954
2023-11-01,Thomas's Bar,Vodka,Smirnoff,226.62,357.1063971219692,-130.48639712196922
2023-11-15,Thomas's Bar,Vodka,Smirnoff,591.32,326.127989587172,265.19201041282804
2023-11-18,Thomas's Bar,Vodka,Smirnoff,0.0,316.96846815412147,-316.96846815412147
2023-11-23,Thomas's Bar,Vodka,Smirnoff,402.43,340.2475602936818,62.182439706318235
2023-11-27,Thomas's Bar,Vodka,Smirnoff,468.1,287.52616668517686,180.57383331482316
2023-11-30,Thomas's Bar,Vodka,Smirnoff,127.74,331.08082767827847,-203.34082767827846
2023-12-05,Thomas's Bar,Vodka,Smirnoff,214.11,330.8243175365021,-116.71431753650211
2023-12-08,Thomas's Bar,Vodka,Smirnoff,596.89,343.63927023085654,253.25072976914345
2023-12-13,Thomas's Bar,Vodka,Smirnoff,487.82,338.6311903703558,149.1888096296442
2023-12-16,Thomas's Bar,Vodka,Smirnoff,281.1,375.98183365346813,-94.8818336534681
2023-12-19,Thomas's Bar,Vodka,Smirnoff,474.32,333.98127902013687,140.33872097986313
2023-10-19,Thomas's Bar,Whiskey,Jack Daniels,444.75,341.41380652439153,103.33619347560847
2023-10-26,Thomas's Bar,Whiskey,Jack Daniels,200.04,335.9559244883788,-135.9159244883788
2023-10-27,Thomas's Bar,Whiskey,Jack Daniels,162.11,353.13600852895223,-191.02600852895222
2023-11-14,Thomas's Bar,Whiskey,Jack Daniels,213.85,355.27865313573915,-141.42865313573915
2023-11-20,Thomas's Bar,Whiskey,Jack Daniels,465.7,402.0470416844432,63.652958315556816
2023-11-21,Thomas's Bar,Whiskey,Jack Daniels,142.66,346.5358914229087,-203.87589142290872
2023-12-05,Thomas's Bar,Whiskey,Jack Daniels,498.85,342.90286885769876,155.94713114230126
2023-12-07,Thomas's Bar,Whiskey,Jack Daniels,564.5,314.80138921578407,249.69861078421593
2023-12-12,Thomas's Bar,Whiskey,Jack Daniels,179.69,322.2715712361436,-142.5815712361436
2023-12-21,Thomas's Bar,Whiskey,Jack Daniels,359.85,320.5175211900283,39.33247880997175
2023-12-26,Thomas's Bar,Whiskey,Jack Daniels,276.22,323.0143185066012,-46.7943185066012
2023-10-18,Thomas's Bar,Whiskey,Jameson,0.0,82.02969093636082,-82.02969093636082
2023-10-30,Thomas's Bar,Whiskey,Jameson,0.0,91.2492766628575,-91.2492766628575
2023-10-31,Thomas's Bar,Whiskey,Jameson,0.0,49.34761265155968,-49.34761265155968
2023-11-02,Thomas's Bar,Whiskey,Jameson,0.0,85.58530661805807,-85.58530661805807
2023-11-07,Thomas's Bar,Whiskey,Jameson,0.0,59.14840062980371,-59.14840062980371
2023-11-18,Thomas's Bar,Whiskey,Jameson,0.0,70.3881548585198,-70.3881548585198
2023-11-22,Thomas's Bar,Whiskey,Jameson,0.0,80.27960181036951,-80.27960181036951
2023-11-25,Thomas's Bar,Whiskey,Jameson,0.0,101.42304867706598,-101.42304867706598
2023-11-27,Thomas's Bar,Whiskey,Jameson,0.0,113.99957828900351,-113.99957828900351
2023-11-29,Thomas's Bar,Whiskey,Jameson,0.0,83.12895232037557,-83.12895232037557
2023-11-30,Thomas's Bar,Whiskey,Jameson,0.0,290.75769990559775,-290.75769990559775
2023-12-08,Thomas's Bar,Whiskey,Jameson,0.0,284.68073928511,-284.68073928511
2023-12-24,Thomas's Bar,Whiskey,Jameson,0.0,319.50090993832856,-319.50090993832856
2023-12-25,Thomas's Bar,Whiskey,Jameson,532.17,318.44003496934243,213.72996503065752
2023-12-29,Thomas's Bar,Whiskey,Jameson,359.46,344.29402215891787,15.16597784108211
2023-10-22,Thomas's Bar,Whiskey,Jim Beam,501.29,329.1203844908745,172.1696155091255
2023-10-24,Thomas's Bar,Whiskey,Jim Beam,31.25,163.25640402275377,-132.00640402275377
2023-10-28,Thomas's Bar,Whiskey,Jim Beam,0.0,141.56997207739593,-141.56997207739593
2023-11-05,Thomas's Bar,Whiskey,Jim Beam,0.0,134.34960280995816,-134.34960280995816
2023-11-06,Thomas's Bar,Whiskey,Jim Beam,0.0,164.37186071392662,-164.37186071392662
2023-11-08,Thomas's Bar,Whiskey,Jim Beam,0.0,248.11921696352763,-248.11921696352763
2023-11-10,Thomas's Bar,Whiskey,Jim Beam,0.0,323.4207730171385,-323.4207730171385
2023-11-12,Thomas's Bar,Whiskey,Jim Beam,0.0,307.35598846290924,-307.35598846290924
2023-11-15,Thomas's Bar,Whiskey,Jim Beam,0.0,338.5494303605466,-338.5494303605466
2023-11-17,Thomas's Bar,Whiskey,Jim Beam,564.43,303.790343459511,260.63965654048894
2023-11-19,Thomas's Bar,Whiskey,Jim Beam,513.11,320.9752415734194,192.13475842658062
2023-11-24,Thomas's Bar,Whiskey,Jim Beam,222.72,343.50062455268426,-120.78062455268426
2023-11-26,Thomas's Bar,Whiskey,Jim Beam,468.55,332.9931034084836,135.55689659151642
2023-11-28,Thomas's Bar,Whiskey,Jim Beam,172.85,328.05999246470117,-155.20999246470117
2023-12-03,Thomas's Bar,Whiskey,Jim Beam,309.37,343.982375926105,-34.61237592610502
2023-12-04,Thomas's Bar,Whiskey,Jim Beam,154.29,330.2864084389835,-175.99640843898354
2023-12-10,Thomas's Bar,Whiskey,Jim Beam,121.82,354.79331568259414,-232.97331568259415
2023-12-16,Thomas's Bar,Whiskey,Jim Beam,172.52,341.7749997594844,-169.25499975948438
2023-12-17,Thomas's Bar,Whiskey,Jim Beam,229.8,346.9496080547873,-117.14960805478728
2023-12-20,Thomas's Bar,Whiskey,Jim Beam,225.64,353.515925083093,-127.87592508309302
2023-10-19,Thomas's Bar,Wine,Barefoot,347.61,330.8874196575669,16.722580342433105
2023-10-21,Thomas's Bar,Wine,Barefoot,142.84,336.1447601079489,-193.3047601079489
2023-10-25,Thomas's Bar,Wine,Barefoot,163.09,341.7988804676795,-178.7088804676795
2023-10-29,Thomas's Bar,Wine,Barefoot,340.8,332.26631786631236,8.533682133687648
2023-11-08,Thomas's Bar,Wine,Barefoot,245.15,349.60661930426454,-104.45661930426454
2023-11-10,Thomas's Bar,Wine,Barefoot,127.78,332.51532152439205,-204.73532152439205
2023-11-17,Thomas's Bar,Wine,Barefoot,442.83,345.6972882114777,97.13271178852227
2023-11-21,Thomas's Bar,Wine,Barefoot,0.0,333.74620992469636,-333.74620992469636
2023-11-23,Thomas's Bar,Wine,Barefoot,151.99,326.1384900861418,-174.1484900861418
2023-11-24,Thomas's Bar,Wine,Barefoot,483.27,333.51611933318594,149.75388066681404
2023-11-30,Thomas's Bar,Wine,Barefoot,370.12,336.11396442439417,34.006035575605836
2023-12-06,Thomas's Bar,Wine,Barefoot,255.23,338.24326351115144,-83.01326351115145
2023-12-12,Thomas's Bar,Wine,Barefoot,499.21,314.86014565340116,184.34985434659882
2023-12-15,Thomas's Bar,Wine,Barefoot,405.34,325.0134109071525,80.32658909284748
2023-12-18,Thomas's Bar,Wine,Barefoot,360.34,326.7904063242118,33.549593675788174
2023-12-24,Thomas's Bar,Wine,Barefoot,0.0,353.81680438881153,-353.81680438881153
2023-12-25,Thomas's Bar,Wine,Barefoot,387.91,325.3809186311788,62.52908136882121
2023-10-20,Thomas's Bar,Wine,Sutter Home,212.46,255.39095888999853,-42.93095888999852
2023-11-01,Thomas's Bar,Wine,Sutter Home,525.32,87.62163151730543,437.6983684826946
2023-11-05,Thomas's Bar,Wine,Sutter Home,474.0,318.2298341788652,155.7701658211348
2023-11-18,Thomas's Bar,Wine,Sutter Home,467.74,362.82422405980316,104.91577594019685
2023-11-20,Thomas's Bar,Wine,Sutter Home,314.47,227.26899122164662,87.20100877835341
2023-12-03,Thomas's Bar,Wine,Sutter Home,13.73,89.63351028853135,-75.90351028853135
2023-12-07,Thomas's Bar,Wine,Sutter Home,0.0,65.84218402402446,-65.84218402402446
2023-12-19,Thomas's Bar,Wine,Sutter Home,0.0,69.34517634132568,-69.34517634132568
2023-12-20,Thomas's Bar,Wine,Sutter Home,0.0,63.250713711940634,-63.250713711940634
2023-12-21,Thomas's Bar,Wine,Sutter Home,0.0,57.665073753113774,-57.665073753113774
2023-12-27,Thomas's Bar,Wine,Sutter Home,110.36,90.97032436925602,19.38967563074398
2023-10-17,Thomas's Bar,Wine,Yellow Tail,423.53,287.9576212998704,135.57237870012955
2023-10-23,Thomas's Bar,Wine,Yellow Tail,124.6,37.02104771838484,87.57895228161516
2023-10-24,Thomas's Bar,Wine,Yellow Tail,128.2,343.76835345667956,-215.56835345667957
2023-10-28,Thomas's Bar,Wine,Yellow Tail,392.86,329.02376792303403,63.836232076965985
2023-10-31,Thomas's Bar,Wine,Yellow Tail,309.6,302.82894298917046,6.771057010829566
2023-11-02,Thomas's Bar,Wine,Yellow Tail,527.97,322.77173025995097,205.19826974004906
2023-11-03,Thomas's Bar,Wine,Yellow Tail,447.34,293.0926344885159,154.24736551148408
2023-11-07,Thomas's Bar,Wine,Yellow Tail,578.1,319.27750386214433,258.8224961378557
2023-11-09,Thomas's Bar,Wine,Yellow Tail,227.01,310.6670754766667,-83.6570754766667
2023-11-16,Thomas's Bar,Wine,Yellow Tail,481.2,346.3677836873364,134.8322163126636
2023-11-19,Thomas's Bar,Wine,Yellow Tail,360.25,318.3033698821553,41.94663011784468
2023-11-22,Thomas's Bar,Wine,Yellow Tail,283.23,313.0834279923346,-29.85342799233456
2023-11-28,Thomas's Bar,Wine,Yellow Tail,410.18,317.2681410417932,92.91185895820678
2023-12-01,Thomas's Bar,Wine,Yellow Tail,371.03,358.83604361615977,12.193956383840202
2023-12-02,Thomas's Bar,Wine,Yellow Tail,528.9,335.2967400235323,193.60325997646765
2023-12-09,Thomas's Bar,Wine,Yellow Tail,314.52,341.54700440639584,-27.02700440639586
2023-12-13,Thomas's Bar,Wine,Yellow Tail,191.99,328.11120238553065,-136.12120238553064
2023-12-14,Thomas's Bar,Wine,Yellow Tail,365.93,328.4148158721869,37.515184127813086
2023-12-23,Thomas's Bar,Wine,Yellow Tail,599.06,356.4755153541552,242.58448464584473
